Deal_ID,Deal_Name,Strategy,Sponsor,Structure,Deal_Type,Closing_Date,Aggregate_Loan_Amount,Aggregate_Valuation,LTV,Interest_Rate,Spread_bps,Maturity_Date,Loan_Term_Months,IO_Months,Amort_Years,Cap_Rate,Debt_Yield,DSCR,NOI,Credit_Rating
HRE-2024-100,Apex Healthcare Medical Office Portfolio - Christopherfurt,Value-Add,Apex Healthcare,Portfolio,Construction,2024-05-26,44100000,64100000,0.688,0.0931,423,2027-01-11,32,0,25.0,0.0872,0.1267,1.36,5589520,A
HRE-2024-101,Apex Healthcare Medical Office Facility - East Paigeberg,Core,Apex Healthcare,Single Asset,Refinance,2024-04-15,8300000,16800000,0.494,0.0756,238,2029-05-19,62,19,25.0,0.0641,0.1297,1.72,1076880,AA
HRE-2024-102,Beacon Capital Skilled Nursing Portfolio - Marcusbury,Core+,Beacon Capital,Portfolio,Refinance,2024-05-18,49490000,83700000,0.5913,0.0872,365,2027-09-30,41,18,25.0,0.1043,0.1764,2.02,8729910,AA+
HRE-2024-103,Apex Healthcare Medical Office Facility - Jamesfurt,Core,Apex Healthcare,Single Asset,Acquisition,2024-05-20,13150000,28700000,0.4582,0.0766,255,2030-12-15,80,21,25.0,0.057,0.1244,1.62,1635900,BBB+
HRE-2024-104,Midwest Health Ops Senior Housing Portfolio - South Christopherview,Value-Add,Midwest Health Ops,Portfolio,Acquisition,2024-12-08,34680000,49100000,0.7063,0.0966,480,2028-09-18,46,1,25.0,0.0958,0.1356,1.4,4703780,A
HRE-2024-105,Beacon Capital Medical Office Facility - Karenchester,Value-Add,Beacon Capital,Single Asset,Acquisition,2025-03-21,28070000,39400000,0.7124,0.0963,484,2028-10-01,43,5,25.0,0.0814,0.1143,1.19,3207160,AA
HRE-2024-106,Silver Care Partners Medical Office Portfolio - Port Anthonybury,Lease-Up,Silver Care Partners,Portfolio,Acquisition,2025-07-15,48280000,64200000,0.752,0.1001,543,2028-03-01,32,32,,0.1254,0.1667,1.67,8050680,BBB+
HRE-2024-107,Apex Healthcare Life Science Facility - Margaretland,Core,Apex Healthcare,Single Asset,Refinance,2025-06-21,14560000,32100000,0.4536,0.0717,241,2031-01-21,68,18,30.0,0.0667,0.1471,2.05,2141070,A+
HRE-2024-108,Beacon Capital Senior Housing Portfolio - Jasonbury,Core+,Beacon Capital,Portfolio,Refinance,2024-04-27,51530000,94500000,0.5453,0.0894,385,2029-04-01,60,13,25.0,0.0742,0.1361,1.52,7011900,AA
HRE-2024-109,Apex Healthcare Senior Housing Portfolio - Jeremyburgh,Core,Apex Healthcare,Portfolio,Construction,2024-10-11,19310000,43210000,0.4469,0.0696,201,2029-11-14,62,20,29.0,0.0705,0.1578,2.27,3046304,A
HRE-2024-110,Midwest Health Ops Senior Housing Portfolio - Samuelhaven,Core,Midwest Health Ops,Portfolio,Acquisition,2024-06-01,26980000,52600000,0.5129,0.0736,231,2030-03-02,70,24,29.0,0.0681,0.1328,1.8,3582059,AAA
HRE-2024-111,Beacon Capital Medical Office Portfolio - West Carolinestad,Core+,Beacon Capital,Portfolio,Acquisition,2024-02-05,22600000,40290000,0.5609,0.0888,358,2027-05-20,40,18,25.0,0.0741,0.1321,1.49,2985489,A
HRE-2024-112,Silver Care Partners Medical Office Portfolio - New Reneetown,Core,Silver Care Partners,Portfolio,Acquisition,2024-02-22,28560000,57890000,0.4933,0.0803,289,2030-09-18,80,19,30.0,0.0622,0.1261,1.57,3600758,AA+
HRE-2024-113,Silver Care Partners Life Science Facility - Hannaberg,Core,Silver Care Partners,Single Asset,Refinance,2024-01-22,6840000,12600000,0.5429,0.0825,298,2028-12-26,60,18,25.0,0.0687,0.1266,1.53,865620,BBB+
HRE-2024-114,Silver Care Partners Medical Office Facility - East Lisa,Value-Add,Silver Care Partners,Single Asset,Acquisition,2024-06-17,8080000,11800000,0.6847,0.0958,448,2026-10-05,28,0,25.0,0.0913,0.1333,1.39,1077340,BB+
HRE-2024-115,Silver Care Partners Medical Office Facility - Herrerafurt,Core+,Silver Care Partners,Single Asset,Construction,2024-06-17,5260000,8400000,0.6262,0.0842,340,2028-02-27,45,16,25.0,0.0751,0.1199,1.42,630840,AA
HRE-2024-116,Midwest Health Ops Medical Office Facility - Port Dominiqueview,Core,Midwest Health Ops,Single Asset,Acquisition,2024-01-18,11370000,21000000,0.5414,0.0842,317,2029-10-18,70,22,27.0,0.0652,0.1204,1.43,1369199,AA
HRE-2024-117,Midwest Health Ops Senior Housing Facility - Wilkersonmouth,Value-Add,Midwest Health Ops,Single Asset,Acquisition,2025-06-18,14720000,20500000,0.718,0.0864,397,2028-04-03,34,2,25.0,0.0977,0.1361,1.57,2002850,A
HRE-2024-118,Midwest Health Ops Skilled Nursing Facility - East Javier,Value-Add,Midwest Health Ops,Single Asset,Acquisition,2024-12-18,39760000,57300000,0.6939,0.0976,492,2027-08-05,32,1,25.0,0.1273,0.1835,1.88,7294290,AAA
HRE-2024-119,Beacon Capital Medical Office Facility - Adamsborough,Core,Beacon Capital,Single Asset,Acquisition,2025-07-06,4090000,8000000,0.5112,0.0724,258,2031-02-05,68,20,27.0,0.0552,0.108,1.49,441600,A
HRE-2024-120,Beacon Capital Senior Housing Facility - Danielchester,Value-Add,Beacon Capital,Single Asset,Acquisition,2024-05-15,15790000,23700000,0.6662,0.1005,484,2027-08-28,40,3,25.0,0.1078,0.1618,1.61,2554860,A+
HRE-2024-121,Midwest Health Ops Medical Office Facility - Maryshire,Value-Add,Midwest Health Ops,Single Asset,Acquisition,2024-04-13,6920000,9500000,0.7284,0.0928,421,2026-06-02,26,3,25.0,0.0969,0.133,1.43,920550,BB+
HRE-2024-122,Apex Healthcare Medical Office Facility - Jasonfort,Core+,Apex Healthcare,Single Asset,Acquisition,2025-11-10,17120000,30400000,0.5632,0.0713,265,2030-08-16,58,18,25.0,0.0684,0.1215,1.7,2079360,AA
HRE-2024-123,Beacon Capital Medical Office Portfolio - New Angelica,Core,Beacon Capital,Portfolio,Acquisition,2024-09-26,16400000,36510000,0.4492,0.0776,277,2029-10-30,62,21,27.0,0.0674,0.15,1.93,2460774,A+
HRE-2024-124,Midwest Health Ops Senior Housing Facility - North Susan,Lease-Up,Midwest Health Ops,Single Asset,Acquisition,2025-08-23,5680000,8000000,0.71,0.1046,586,2027-09-12,25,25,,0.1228,0.173,1.65,982400,BB+
HRE-2024-125,Silver Care Partners Medical Office Portfolio - Wolfborough,Core+,Silver Care Partners,Portfolio,Acquisition,2025-10-24,16710000,26090000,0.6405,0.0761,313,2030-07-30,58,18,25.0,0.0648,0.1012,1.33,1690632,BBB+
HRE-2024-126,Silver Care Partners Senior Housing Portfolio - Lake Leeton,Core,Silver Care Partners,Portfolio,Construction,2025-11-01,17510000,36490000,0.4799,0.0711,258,2032-08-26,83,19,27.0,0.0807,0.1682,2.37,2944743,A+
HRE-2024-127,Beacon Capital Life Science Facility - Davisborough,Core,Beacon Capital,Single Asset,Refinance,2025-04-10,12350000,27900000,0.4427,0.0676,199,2031-06-08,75,22,29.0,0.064,0.1446,2.14,1785600,BB
HRE-2024-128,Beacon Capital Medical Office Facility - New Brian,Value-Add,Beacon Capital,Single Asset,Refinance,2025-07-29,10550000,16000000,0.6594,0.084,370,2029-05-09,46,4,25.0,0.098,0.1486,1.77,1568000,BBB+
HRE-2024-129,Silver Care Partners Skilled Nursing Facility - New Williamberg,Value-Add,Silver Care Partners,Single Asset,Refinance,2024-02-15,18800000,27600000,0.6812,0.0958,432,2027-03-01,37,6,25.0,0.1233,0.181,1.89,3403080,A
HRE-2024-130,Beacon Capital Skilled Nursing Facility - Shortville,Value-Add,Beacon Capital,Single Asset,Acquisition,2024-09-14,19810000,32900000,0.6021,0.0923,430,2027-05-02,32,0,25.0,0.1263,0.2098,2.27,4155270,AA+
HRE-2024-131,Midwest Health Ops Senior Housing Portfolio - Stewartland,Value-Add,Midwest Health Ops,Portfolio,Acquisition,2024-12-10,17740000,27510000,0.6449,0.0965,469,2027-01-29,26,5,25.0,0.1004,0.1557,1.61,2762004,BBB+
HRE-2024-132,Apex Healthcare Medical Office Portfolio - Frazierside,Core+,Apex Healthcare,Portfolio,Refinance,2025-03-26,23710000,42800000,0.554,0.0848,370,2028-03-10,36,14,25.0,0.0768,0.1386,1.63,3287039,A
HRE-2024-133,Apex Healthcare Senior Housing Facility - South Gregory,Lease-Up,Apex Healthcare,Single Asset,Acquisition,2025-01-03,17950000,26900000,0.6673,0.0928,446,2027-12-19,36,36,,0.1211,0.1815,1.96,3257590,A+
HRE-2024-134,Beacon Capital Medical Office Portfolio - New Hannahbury,Core+,Beacon Capital,Portfolio,Construction,2025-05-10,11700000,18100000,0.6464,0.0738,260,2029-09-16,53,14,25.0,0.0751,0.1162,1.57,1359310,A
HRE-2024-135,Beacon Capital Medical Office Facility - East David,Value-Add,Beacon Capital,Single Asset,Refinance,2025-05-26,30490000,39500000,0.7719,0.0856,394,2028-08-08,39,4,25.0,0.0866,0.1122,1.31,3420700,A
HRE-2024-136,Beacon Capital Life Science Facility - Port Nicoleshire,Value-Add,Beacon Capital,Single Asset,Acquisition,2025-01-21,7770000,11800000,0.6585,0.0959,478,2028-04-05,39,5,25.0,0.104,0.1579,1.65,1227200,BBB+
HRE-2024-137,Apex Healthcare Skilled Nursing Facility - West Brandon,Value-Add,Apex Healthcare,Single Asset,Acquisition,2024-03-10,7740000,13300000,0.582,0.0871,357,2026-09-26,31,2,25.0,0.1298,0.223,2.56,1726340,A
HRE-2024-138,Silver Care Partners Senior Housing Facility - Daviston,Lease-Up,Silver Care Partners,Single Asset,Construction,2024-07-10,15290000,21400000,0.7145,0.1139,625,2027-03-27,33,33,,0.1181,0.1653,1.45,2527340,BBB+
HRE-2024-139,Midwest Health Ops Skilled Nursing Facility - New John,Value-Add,Midwest Health Ops,Single Asset,Acquisition,2024-07-20,31070000,46000000,0.6754,0.0932,423,2026-12-07,29,0,25.0,0.1193,0.1766,1.9,5487800,BBB
HRE-2024-140,Midwest Health Ops Medical Office Portfolio - Tuckerfurt,Value-Add,Midwest Health Ops,Portfolio,Acquisition,2024-01-19,20660000,25790000,0.8011,0.0981,453,2026-10-05,33,0,25.0,0.0912,0.1138,1.16,2352048,BBB+
HRE-2024-141,Midwest Health Ops Medical Office Facility - New Reneetown,Core,Midwest Health Ops,Single Asset,Acquisition,2025-08-05,23100000,45000000,0.5133,0.0777,307,2032-05-30,83,23,25.0,0.0585,0.114,1.47,2632500,AA
HRE-2024-142,Silver Care Partners Life Science Facility - North Beth,Core,Silver Care Partners,Single Asset,Refinance,2024-10-13,5030000,11000000,0.4573,0.0794,289,2030-10-12,73,23,26.0,0.0709,0.155,1.95,779900,BBB+
HRE-2024-143,Midwest Health Ops Medical Office Facility - New Diane,Core+,Midwest Health Ops,Single Asset,Acquisition,2025-08-03,15300000,23200000,0.6595,0.0856,385,2030-05-09,58,18,25.0,0.0783,0.1187,1.39,1816559,A
HRE-2024-144,Midwest Health Ops Senior Housing Facility - East Jessetown,Core,Midwest Health Ops,Single Asset,Acquisition,2025-04-12,9550000,17100000,0.5585,0.0759,282,2031-09-08,78,21,25.0,0.0713,0.1277,1.68,1219230,A
HRE-2024-145,Midwest Health Ops Life Science Facility - Stephentown,Core,Midwest Health Ops,Single Asset,Acquisition,2024-12-22,5040000,10700000,0.471,0.0757,268,2030-02-24,63,24,30.0,0.0653,0.1386,1.83,698710,BBB+
HRE-2024-146,Midwest Health Ops Senior Housing Facility - Emilyview,Core,Midwest Health Ops,Single Asset,Refinance,2024-01-08,6270000,12700000,0.4937,0.0823,295,2030-03-07,75,18,29.0,0.0837,0.1695,2.06,1062990,A+
HRE-2024-147,Silver Care Partners Skilled Nursing Portfolio - Richardport,Core+,Silver Care Partners,Portfolio,Acquisition,2025-03-17,33910000,55610000,0.6098,0.0819,345,2029-03-26,49,16,25.0,0.1143,0.1874,2.29,6356223,BBB
HRE-2024-148,Apex Healthcare Medical Office Facility - New Anthonyport,Value-Add,Apex Healthcare,Single Asset,Acquisition,2025-01-28,12050000,15700000,0.7675,0.0956,478,2028-10-09,45,5,25.0,0.0861,0.1122,1.17,1351770,BBB+
HRE-2024-149,Beacon Capital Life Science Portfolio - Sarahborough,Core+,Beacon Capital,Portfolio,Acquisition,2025-09-11,8770000,15790000,0.5554,0.0787,334,2029-04-23,44,16,25.0,0.0777,0.1399,1.78,1226883,A+
HRE-2024-150,Apex Healthcare Skilled Nursing Facility - Valentineberg,Core+,Apex Healthcare,Single Asset,Acquisition,2025-05-13,7240000,12000000,0.6033,0.0755,286,2029-09-19,53,16,25.0,0.1111,0.1841,2.44,1333200,BBB+
HRE-2024-151,Apex Healthcare Medical Office Portfolio - Port Jacobland,Core,Apex Healthcare,Portfolio,Acquisition,2025-10-19,14930000,31790000,0.4696,0.0712,265,2031-04-21,67,20,28.0,0.0611,0.1301,1.83,1942369,A+
HRE-2024-152,Apex Healthcare Medical Office Facility - Lindamouth,Core+,Apex Healthcare,Single Asset,Refinance,2025-01-18,5200000,8900000,0.5843,0.0858,373,2028-05-02,40,16,25.0,0.0767,0.1313,1.53,682630,BBB+
HRE-2024-153,Midwest Health Ops Skilled Nursing Portfolio - North Donna,Lease-Up,Midwest Health Ops,Portfolio,Construction,2024-11-22,47980000,66300000,0.7237,0.1034,545,2027-07-10,32,32,,0.1446,0.1998,1.93,9586980,A
HRE-2024-154,Apex Healthcare Skilled Nursing Portfolio - Sandersborough,Value-Add,Apex Healthcare,Portfolio,Acquisition,2024-03-30,26040000,37490000,0.6946,0.099,479,2026-08-17,29,4,25.0,0.1303,0.1876,1.89,4884947,A
HRE-2024-155,Midwest Health Ops Medical Office Facility - Christopherbury,Value-Add,Midwest Health Ops,Single Asset,Acquisition,2025-09-02,17840000,26300000,0.6783,0.0927,471,2027-08-23,24,4,25.0,0.0936,0.138,1.49,2461680,A+
HRE-2024-156,Apex Healthcare Life Science Facility - Gilmorefort,Core,Apex Healthcare,Single Asset,Refinance,2025-10-04,5640000,13000000,0.4338,0.0663,213,2032-03-31,79,21,25.0,0.0656,0.1512,2.28,852800,A
HRE-2024-157,Silver Care Partners Senior Housing Portfolio - North Ricky,Value-Add,Silver Care Partners,Portfolio,Acquisition,2025-02-17,38140000,51190000,0.7451,0.0978,490,2027-02-07,24,5,25.0,0.1023,0.1373,1.4,5236737,BBB
HRE-2024-158,Silver Care Partners Senior Housing Facility - Davisborough,Core,Silver Care Partners,Single Asset,Construction,2025-01-08,11600000,21700000,0.5346,0.0702,216,2030-08-10,68,21,26.0,0.0661,0.1237,1.76,1434370,A+
HRE-2024-159,Silver Care Partners Medical Office Portfolio - South Michaelmouth,Core+,Silver Care Partners,Portfolio,Acquisition,2024-11-21,21750000,36990000,0.588,0.0823,329,2029-05-29,55,14,25.0,0.0702,0.1194,1.45,2596698,A+
HRE-2024-160,Midwest Health Ops Medical Office Facility - Lake Debra,Lease-Up,Midwest Health Ops,Single Asset,Acquisition,2024-05-31,9630000,14300000,0.6734,0.1107,590,2027-03-17,34,34,,0.1128,0.1675,1.51,1613040,AA
HRE-2024-161,Beacon Capital Medical Office Facility - North Susan,Value-Add,Beacon Capital,Single Asset,Refinance,2025-09-14,8080000,11800000,0.6847,0.0908,448,2027-09-04,24,0,25.0,0.0936,0.1367,1.51,1104480,AA
HRE-2024-162,Midwest Health Ops Life Science Portfolio - Westtown,Value-Add,Midwest Health Ops,Portfolio,Acquisition,2025-02-17,29560000,43700000,0.6764,0.0881,397,2028-11-28,46,3,25.0,0.0887,0.1311,1.49,3876190,A
HRE-2024-163,Silver Care Partners Life Science Facility - Alexisside,Value-Add,Silver Care Partners,Single Asset,Acquisition,2025-11-07,7100000,11000000,0.6455,0.098,524,2029-07-19,45,4,25.0,0.0935,0.1449,1.48,1028500,A
HRE-2024-164,Silver Care Partners Medical Office Facility - Maryshire,Value-Add,Silver Care Partners,Single Asset,Acquisition,2024-10-25,7980000,10600000,0.7528,0.0868,370,2026-10-15,24,1,25.0,0.0898,0.1193,1.37,951880,A+
HRE-2024-165,Silver Care Partners Senior Housing Portfolio - Lake Richard,Value-Add,Silver Care Partners,Portfolio,Refinance,2024-09-12,27100000,38700000,0.7003,0.0971,465,2028-08-22,48,4,25.0,0.0969,0.1384,1.43,3750030,A
HRE-2024-166,Beacon Capital Senior Housing Facility - Tinaborough,Core,Beacon Capital,Single Asset,Refinance,2024-12-29,20350000,43900000,0.4636,0.0771,278,2030-03-03,63,22,30.0,0.0812,0.1752,2.27,3564679,BBB+
HRE-2024-167,Midwest Health Ops Skilled Nursing Facility - Port Colleenhaven,Core,Midwest Health Ops,Single Asset,Refinance,2025-04-14,11790000,24200000,0.4872,0.0744,275,2030-05-18,62,19,28.0,0.088,0.1806,2.43,2129600,A+
HRE-2024-168,Beacon Capital Medical Office Facility - New Sarahview,Core+,Beacon Capital,Single Asset,Acquisition,2025-05-10,5550000,9200000,0.6033,0.0786,312,2030-01-14,57,16,25.0,0.0698,0.1157,1.47,642160,A+
HRE-2024-169,Beacon Capital Senior Housing Facility - Danielchester 2,Core+,Beacon Capital,Single Asset,Refinance,2025-03-07,23830000,46200000,0.5158,0.0748,267,2029-11-11,57,16,25.0,0.0836,0.1621,2.17,3862319,A
HRE-2024-170,Apex Healthcare Skilled Nursing Facility - Lake Madisonport,Core,Apex Healthcare,Single Asset,Acquisition,2024-11-02,30380000,64100000,0.4739,0.0737,243,2029-12-06,62,19,26.0,0.0962,0.203,2.75,6166420,AAA
HRE-2024-171,Midwest Health Ops Skilled Nursing Facility - Cindyfort,Lease-Up,Midwest Health Ops,Single Asset,Acquisition,2024-02-25,15100000,23400000,0.6453,0.1078,562,2026-06-14,28,28,,0.1577,0.2444,2.27,3690180,AA+
HRE-2024-172,Beacon Capital Skilled Nursing Facility - North Deniseside,Lease-Up,Beacon Capital,Single Asset,Acquisition,2025-04-29,17660000,27600000,0.6399,0.1056,579,2028-04-13,36,36,,0.1479,0.2311,2.19,4082040,A
HRE-2024-173,Beacon Capital Medical Office Facility - Rodriguezfurt,Core+,Beacon Capital,Single Asset,Construction,2025-05-18,4540000,8000000,0.5675,0.0753,289,2029-11-23,55,16,25.0,0.0739,0.1302,1.73,591200,A
HRE-2024-174,Midwest Health Ops Life Science Facility - Perryborough,Value-Add,Midwest Health Ops,Single Asset,Acquisition,2025-10-15,12490000,17900000,0.6978,0.0948,490,2029-03-28,42,4,25.0,0.0994,0.1425,1.5,1779260,BBB+
HRE-2024-175,Midwest Health Ops Medical Office Facility - Taylorburgh,Core+,Midwest Health Ops,Single Asset,Acquisition,2024-05-16,5210000,9300000,0.5602,0.0846,341,2029-02-19,58,13,25.0,0.0794,0.1417,1.68,738420,BBB+
HRE-2024-176,Midwest Health Ops Skilled Nursing Facility - New Angelica,Lease-Up,Midwest Health Ops,Single Asset,Acquisition,2025-03-12,8070000,12100000,0.6669,0.1095,625,2027-09-28,31,31,,0.1468,0.2201,2.01,1776280,A+
HRE-2024-177,Silver Care Partners Medical Office Portfolio - Scotttown,Core+,Silver Care Partners,Portfolio,Acquisition,2024-01-13,28080000,46100000,0.6091,0.0891,363,2027-05-27,41,13,25.0,0.0762,0.1251,1.4,3512820,A
HRE-2024-178,Apex Healthcare Senior Housing Facility - North Susan,Core+,Apex Healthcare,Single Asset,Refinance,2025-07-14,8240000,12700000,0.6488,0.0796,336,2028-06-28,36,14,25.0,0.0908,0.1399,1.76,1153160,BBB+
HRE-2024-179,Beacon Capital Medical Office Facility - New Stacyland,Core,Beacon Capital,Single Asset,Acquisition,2024-01-09,5540000,12500000,0.4432,0.0748,229,2030-05-07,77,22,25.0,0.0632,0.1426,1.91,790000,BBB
HRE-2024-180,Apex Healthcare Medical Office Facility - Saramouth,Value-Add,Apex Healthcare,Single Asset,Acquisition,2024-12-29,7260000,10500000,0.6914,0.0854,367,2027-05-18,29,2,25.0,0.0857,0.1239,1.45,899850,A
HRE-2024-181,Beacon Capital Life Science Facility - West Carolinestad,Core+,Beacon Capital,Single Asset,Refinance,2024-01-20,15350000,24500000,0.6265,0.086,344,2028-08-26,56,18,25.0,0.0726,0.1159,1.35,1778700,A+
HRE-2024-182,Silver Care Partners Skilled Nursing Facility - Rodriguezfurt,Value-Add,Silver Care Partners,Single Asset,Acquisition,2024-11-24,8840000,12700000,0.6961,0.0937,453,2027-11-09,36,5,25.0,0.1185,0.1702,1.82,1504950,A
HRE-2024-183,Beacon Capital Medical Office Facility - Michaelchester,Lease-Up,Beacon Capital,Single Asset,Construction,2024-07-16,6350000,8900000,0.7135,0.1052,543,2027-07-01,36,36,,0.113,0.1584,1.51,1005700,A+
HRE-2024-184,Apex Healthcare Medical Office Facility - Penafort,Core+,Apex Healthcare,Single Asset,Refinance,2025-09-07,12170000,20000000,0.6085,0.0835,375,2030-05-14,57,12,25.0,0.0729,0.1198,1.43,1458000,A+
HRE-2024-185,Apex Healthcare Medical Office Portfolio - South Angel,Core,Apex Healthcare,Portfolio,Acquisition,2025-03-30,24030000,47600000,0.5048,0.0714,237,2030-07-02,64,24,28.0,0.0666,0.1319,1.85,3170160,A+
HRE-2024-186,Apex Healthcare Medical Office Facility - North Marieland,Lease-Up,Apex Healthcare,Single Asset,Construction,2025-06-11,5970000,8000000,0.7462,0.0923,455,2027-06-01,24,24,,0.0955,0.128,1.39,764000,AA+
HRE-2024-187,Silver Care Partners Skilled Nursing Facility - Julieburgh,Core+,Silver Care Partners,Single Asset,Construction,2024-06-02,17200000,29500000,0.5831,0.0819,299,2028-07-11,50,18,25.0,0.0937,0.1607,1.96,2764150,BBB+
HRE-2024-188,Beacon Capital Medical Office Facility - Kristopherbury,Core,Beacon Capital,Single Asset,Acquisition,2025-10-04,3900000,8300000,0.4699,0.0724,259,2030-11-07,62,19,30.0,0.0599,0.1275,1.76,497170,A
HRE-2024-189,Midwest Health Ops Life Science Portfolio - East Kristin,Core,Midwest Health Ops,Portfolio,Acquisition,2024-08-10,22560000,40900000,0.5516,0.0797,298,2031-01-06,78,19,29.0,0.0735,0.1333,1.67,3006150,AAA
HRE-2024-190,Beacon Capital Life Science Facility - Santanaside,Core,Beacon Capital,Single Asset,Acquisition,2024-09-16,14650000,27300000,0.5366,0.0775,271,2031-07-12,83,18,29.0,0.0655,0.1221,1.57,1788150,A+
HRE-2024-191,Midwest Health Ops Medical Office Facility - Jasonhaven,Value-Add,Midwest Health Ops,Single Asset,Acquisition,2025-02-26,16140000,22600000,0.7142,0.0992,511,2028-05-11,39,4,25.0,0.0908,0.1271,1.28,2052080,AA
HRE-2024-192,Beacon Capital Life Science Facility - Karenchester,Value-Add,Beacon Capital,Single Asset,Acquisition,2024-08-17,18790000,31700000,0.5927,0.0875,364,2028-05-28,46,5,25.0,0.0819,0.1382,1.58,2596230,AA+
HRE-2024-193,Silver Care Partners Senior Housing Facility - Vanessaport,Core+,Silver Care Partners,Single Asset,Acquisition,2025-06-20,10620000,17300000,0.6139,0.0827,368,2030-05-25,60,16,25.0,0.0926,0.1508,1.82,1601980,A
HRE-2024-194,Silver Care Partners Medical Office Facility - South Patrickmouth,Core,Silver Care Partners,Single Asset,Acquisition,2024-04-08,7900000,14500000,0.5448,0.0767,250,2030-12-03,81,23,25.0,0.0579,0.1063,1.39,839550,A
HRE-2024-195,Beacon Capital Medical Office Portfolio - Lake Debra,Core+,Beacon Capital,Portfolio,Refinance,2024-05-06,26690000,42790000,0.6237,0.0811,298,2028-07-14,51,12,25.0,0.0748,0.1199,1.48,3200692,AA
HRE-2024-196,Beacon Capital Medical Office Portfolio - Larrymouth,Lease-Up,Beacon Capital,Portfolio,Acquisition,2025-04-30,18950000,25500000,0.7431,0.1059,583,2028-03-15,35,35,,0.1,0.1346,1.27,2550000,A
HRE-2024-197,Midwest Health Ops Medical Office Facility - West Russellport,Core+,Midwest Health Ops,Single Asset,Refinance,2025-05-07,7570000,11400000,0.664,0.0872,402,2028-12-17,44,18,25.0,0.0737,0.111,1.27,840180,A+
HRE-2024-198,Beacon Capital Senior Housing Facility - Oscarhaven,Lease-Up,Beacon Capital,Single Asset,Construction,2024-08-02,14600000,20800000,0.7019,0.1028,525,2027-01-19,30,30,,0.1239,0.1765,1.72,2577120,AA+
HRE-2024-199,Silver Care Partners Senior Housing Facility - Mcneilberg,Lease-Up,Silver Care Partners,Single Asset,Acquisition,2025-03-21,41390000,61400000,0.6741,0.0928,455,2027-04-10,25,25,,0.1119,0.166,1.79,6870660,A
HRE-2024-200,Silver Care Partners Medical Office Facility - South Jeffrey,Core,Silver Care Partners,Single Asset,Acquisition,2025-04-30,7180000,13100000,0.5481,0.0771,300,2030-10-01,66,21,30.0,0.0561,0.1024,1.33,734910,AA
HRE-2024-201,Midwest Health Ops Skilled Nursing Portfolio - Loriport,Value-Add,Midwest Health Ops,Portfolio,Refinance,2024-08-05,59290000,90590000,0.6545,0.0912,413,2027-01-22,30,2,25.0,0.1302,0.1989,2.18,11794818,BBB+
HRE-2024-202,Beacon Capital Medical Office Facility - Jackton,Value-Add,Beacon Capital,Single Asset,Refinance,2025-08-26,27180000,39000000,0.6969,0.0817,358,2027-11-14,27,4,25.0,0.076,0.1091,1.33,2964000,BBB+
HRE-2024-203,Apex Healthcare Senior Housing Portfolio - Lake Jason,Core+,Apex Healthcare,Portfolio,Refinance,2024-03-16,75430000,122700000,0.6148,0.0859,349,2028-07-23,53,15,25.0,0.0854,0.1389,1.62,10478580,AA+
HRE-2024-204,Beacon Capital Medical Office Facility - Tashatown,Core+,Beacon Capital,Single Asset,Acquisition,2024-11-05,7340000,11800000,0.622,0.0886,384,2029-05-13,55,17,25.0,0.0696,0.1119,1.26,821280,BBB+
HRE-2024-205,Beacon Capital Senior Housing Facility - New Kathybury,Value-Add,Beacon Capital,Single Asset,Acquisition,2025-10-04,11740000,17900000,0.6559,0.0918,464,2029-06-15,45,6,25.0,0.0984,0.15,1.63,1761360,A+
HRE-2024-206,Silver Care Partners Medical Office Portfolio - Port Andrew,Core,Silver Care Partners,Portfolio,Acquisition,2024-06-01,36520000,67190000,0.5435,0.0745,236,2030-01-01,68,23,27.0,0.0685,0.126,1.69,4602515,BBB+
HRE-2024-207,Midwest Health Ops Senior Housing Facility - East Michelle,Core+,Midwest Health Ops,Single Asset,Acquisition,2024-06-19,20550000,31300000,0.6565,0.0899,398,2028-01-30,44,14,25.0,0.0812,0.1237,1.38,2541560,A
HRE-2024-208,Beacon Capital Medical Office Facility - North Renee,Core+,Beacon Capital,Single Asset,Acquisition,2024-12-12,13650000,23600000,0.5784,0.0761,262,2028-07-24,44,18,25.0,0.0613,0.106,1.39,1446680,AA
HRE-2024-209,Silver Care Partners Senior Housing Facility - Bruceside,Lease-Up,Silver Care Partners,Single Asset,Acquisition,2024-04-06,13150000,18400000,0.7147,0.1144,632,2026-04-26,25,25,,0.1211,0.1694,1.48,2228240,A+
HRE-2024-210,Silver Care Partners Senior Housing Facility - New Deborahtown,Lease-Up,Silver Care Partners,Single Asset,Construction,2025-11-07,23010000,32700000,0.7037,0.1067,615,2027-11-27,25,25,,0.1279,0.1818,1.7,4182330,AAA
HRE-2024-211,Silver Care Partners Life Science Facility - East Kevinborough,Core+,Silver Care Partners,Single Asset,Refinance,2024-10-23,5150000,8400000,0.6131,0.079,286,2029-04-30,55,13,25.0,0.0763,0.1245,1.58,640920,AA
HRE-2024-212,Silver Care Partners Skilled Nursing Facility - Danielchester,Core+,Silver Care Partners,Single Asset,Refinance,2024-04-30,27520000,39400000,0.6985,0.0893,384,2029-04-04,60,16,25.0,0.109,0.1561,1.75,4294600,A
HRE-2024-213,Beacon Capital Skilled Nursing Portfolio - North Sarabury,Core,Beacon Capital,Portfolio,Acquisition,2025-06-08,23230000,48400000,0.48,0.0669,197,2031-07-07,74,24,29.0,0.0881,0.1836,2.74,4264040,BBB+
HRE-2024-214,Silver Care Partners Life Science Facility - Christopherfurt,Lease-Up,Silver Care Partners,Single Asset,Acquisition,2024-05-10,17790000,24900000,0.7145,0.102,511,2026-12-26,32,32,,0.1166,0.1632,1.6,2903340,A+
HRE-2024-215,Beacon Capital Medical Office Facility - Lake Jesusview,Lease-Up,Beacon Capital,Single Asset,Acquisition,2024-04-10,11880000,17100000,0.6947,0.0979,461,2026-11-26,32,32,,0.1124,0.1618,1.65,1922040,BBB+
HRE-2024-216,Midwest Health Ops Skilled Nursing Facility - Matthewfurt,Core+,Midwest Health Ops,Single Asset,Refinance,2024-05-03,11810000,17600000,0.671,0.0867,353,2028-06-11,50,17,25.0,0.1079,0.1608,1.85,1899040,AA+
HRE-2024-217,Midwest Health Ops Medical Office Facility - Hoffmanville,Value-Add,Midwest Health Ops,Single Asset,Acquisition,2025-07-28,12950000,20300000,0.6379,0.0936,470,2028-11-09,40,1,25.0,0.0843,0.1321,1.41,1711290,BBB+
HRE-2024-218,Midwest Health Ops Medical Office Facility - Matthewview,Value-Add,Midwest Health Ops,Single Asset,Construction,2024-12-28,17320000,23200000,0.7466,0.1019,540,2027-01-17,25,5,25.0,0.0746,0.0999,0.98,1730720,AAA
HRE-2024-219,Apex Healthcare Senior Housing Portfolio - Port Molly,Core,Apex Healthcare,Portfolio,Construction,2024-03-15,25800000,49310000,0.5232,0.0741,225,2029-07-17,65,21,25.0,0.0726,0.1388,1.87,3579906,BB+
HRE-2024-220,Silver Care Partners Senior Housing Portfolio - Lake Madisonport,Value-Add,Silver Care Partners,Portfolio,Acquisition,2025-11-25,44370000,60300000,0.7358,0.0904,447,2029-02-07,39,2,25.0,0.1168,0.1587,1.76,7043040,AA
HRE-2024-221,Silver Care Partners Medical Office Facility - Lake Debbieport,Core+,Silver Care Partners,Single Asset,Refinance,2024-12-12,7090000,12300000,0.5764,0.076,276,2027-11-27,36,16,25.0,0.0742,0.1287,1.69,912660,BBB+
HRE-2024-222,Beacon Capital Senior Housing Facility - Perryborough,Value-Add,Beacon Capital,Single Asset,Refinance,2024-04-23,18630000,30000000,0.621,0.0882,367,2028-01-03,45,4,25.0,0.0975,0.157,1.78,2925000,BBB
HRE-2024-223,Apex Healthcare Skilled Nursing Facility - Port Michelleville,Core+,Apex Healthcare,Single Asset,Acquisition,2024-02-09,5960000,10400000,0.5731,0.0845,319,2028-02-18,49,14,25.0,0.1051,0.1834,2.17,1093040,AAA
HRE-2024-224,Silver Care Partners Medical Office Portfolio - New Michelleton,Core,Silver Care Partners,Portfolio,Refinance,2025-05-09,22680000,43800000,0.5178,0.0746,280,2031-05-08,73,24,25.0,0.069,0.1333,1.79,3022200,AA
HRE-2024-225,Silver Care Partners Senior Housing Facility - Oscarhaven,Core+,Silver Care Partners,Single Asset,Acquisition,2024-02-05,9010000,14700000,0.6129,0.0866,338,2027-12-16,47,16,25.0,0.0853,0.1392,1.61,1253910,A
HRE-2024-226,Apex Healthcare Medical Office Portfolio - Lake James,Core,Apex Healthcare,Portfolio,Acquisition,2025-09-01,31610000,64900000,0.4871,0.0692,239,2030-09-05,61,21,29.0,0.0618,0.1269,1.83,4010820,A+
HRE-2024-227,Silver Care Partners Medical Office Facility - Port Jacquelineside,Lease-Up,Silver Care Partners,Single Asset,Acquisition,2024-08-16,10510000,13500000,0.7785,0.1136,637,2026-10-05,26,26,,0.108,0.1387,1.22,1458000,A
HRE-2024-228,Apex Healthcare Medical Office Facility - Lake Lisaport,Lease-Up,Apex Healthcare,Single Asset,Construction,2024-06-26,14170000,22000000,0.6441,0.0983,484,2027-05-12,35,35,,0.0963,0.1495,1.52,2118600,AA+
HRE-2024-229,Beacon Capital Senior Housing Facility - Mooreport,Value-Add,Beacon Capital,Single Asset,Acquisition,2025-11-15,8380000,12800000,0.6547,0.0803,347,2029-07-27,45,4,25.0,0.113,0.1726,2.15,1446400,A
HRE-2024-230,Apex Healthcare Medical Office Facility - Kimtown,Core+,Apex Healthcare,Single Asset,Acquisition,2024-09-21,10680000,17800000,0.6,0.0754,265,2028-04-03,43,12,25.0,0.0673,0.1122,1.49,1197940,A+
HRE-2024-231,Midwest Health Ops Medical Office Facility - New Jessica,Core,Midwest Health Ops,Single Asset,Acquisition,2025-01-05,16580000,32400000,0.5117,0.075,254,2031-02-03,74,21,29.0,0.0626,0.1223,1.63,2028240,AAA
HRE-2024-232,Silver Care Partners Medical Office Facility - Wilsonton,Lease-Up,Silver Care Partners,Single Asset,Acquisition,2025-11-02,6410000,8300000,0.7723,0.1073,625,2028-08-18,34,34,,0.1071,0.1387,1.29,888930,BBB+
HRE-2024-233,Midwest Health Ops Skilled Nursing Portfolio - Cantuport,Lease-Up,Midwest Health Ops,Portfolio,Construction,2025-03-17,29330000,43600000,0.6727,0.0992,517,2027-08-04,29,29,,0.1421,0.2112,2.13,6195560,A
HRE-2024-234,Silver Care Partners Medical Office Facility - Port Chad,Core,Silver Care Partners,Single Asset,Acquisition,2024-09-27,6660000,11800000,0.5644,0.0721,215,2029-10-31,62,21,25.0,0.0608,0.1077,1.49,717440,AA
HRE-2024-235,Beacon Capital Medical Office Facility - Sanchezfort,Core+,Beacon Capital,Single Asset,Refinance,2024-03-17,15070000,23400000,0.644,0.086,342,2027-07-30,41,12,25.0,0.0745,0.1157,1.35,1743300,A
HRE-2024-236,Apex Healthcare Medical Office Facility - Oscarhaven,Core,Apex Healthcare,Single Asset,Acquisition,2025-01-30,8530000,16900000,0.5047,0.0662,186,2031-03-30,75,21,30.0,0.0559,0.1108,1.67,944710,AAA
HRE-2024-237,Silver Care Partners Senior Housing Facility - Elizabethburgh,Value-Add,Silver Care Partners,Single Asset,Acquisition,2024-11-23,7460000,10700000,0.6972,0.097,471,2028-10-03,47,4,25.0,0.1169,0.1677,1.73,1250830,BBB
HRE-2024-238,Midwest Health Ops Skilled Nursing Facility - Robinsonshire,Value-Add,Midwest Health Ops,Single Asset,Acquisition,2024-08-05,22120000,29600000,0.7473,0.104,543,2027-02-21,31,1,25.0,0.1161,0.1554,1.49,3436560,BB
HRE-2024-239,Silver Care Partners Skilled Nursing Facility - Lake Brycemouth,Core,Silver Care Partners,Single Asset,Construction,2024-07-11,3930000,8000000,0.4913,0.0789,291,2031-01-06,79,18,30.0,0.0999,0.2034,2.58,799200,A
HRE-2024-240,Beacon Capital Life Science Facility - Jacksonport,Core+,Beacon Capital,Single Asset,Construction,2025-01-12,18220000,31300000,0.5821,0.0814,337,2028-11-22,47,18,25.0,0.0749,0.1287,1.58,2344370,AAA
HRE-2024-241,Beacon Capital Senior Housing Facility - Frazierside,Core+,Beacon Capital,Single Asset,Refinance,2024-04-18,6360000,10700000,0.5944,0.0894,379,2028-01-28,46,13,25.0,0.0932,0.1568,1.75,997240,AA+
HRE-2024-242,Silver Care Partners Medical Office Facility - Hudsonfurt,Core+,Silver Care Partners,Single Asset,Construction,2025-09-14,17210000,30800000,0.5588,0.0831,371,2030-01-21,53,15,25.0,0.0805,0.1441,1.73,2479400,AA+
HRE-2024-243,Silver Care Partners Senior Housing Facility - Lake Casey,Lease-Up,Silver Care Partners,Single Asset,Construction,2025-03-25,12040000,16600000,0.7253,0.0948,472,2028-03-09,36,36,,0.1415,0.1951,2.06,2348900,A
HRE-2024-244,Beacon Capital Medical Office Facility - Hollyview,Core+,Beacon Capital,Single Asset,Construction,2025-08-22,17240000,31300000,0.5508,0.0736,268,2029-05-03,45,16,25.0,0.0793,0.144,1.96,2482090,A
HRE-2024-245,Apex Healthcare Senior Housing Facility - Williamville,Core,Apex Healthcare,Single Asset,Acquisition,2025-10-22,15010000,32600000,0.4604,0.0637,190,2031-10-21,73,23,25.0,0.0839,0.1822,2.86,2735140,BBB+
HRE-2024-246,Beacon Capital Skilled Nursing Portfolio - North Donna,Core+,Beacon Capital,Portfolio,Refinance,2025-01-24,50490000,82590000,0.6113,0.0806,314,2028-12-04,47,14,25.0,0.094,0.1538,1.91,7763460,A+
HRE-2024-247,Beacon Capital Senior Housing Facility - North Markton,Value-Add,Beacon Capital,Single Asset,Acquisition,2025-03-06,11160000,15900000,0.7019,0.0868,398,2027-10-22,32,0,25.0,0.1019,0.1452,1.67,1620210,A+
HRE-2024-248,Apex Healthcare Life Science Portfolio - West Amandamouth,Core,Apex Healthcare,Portfolio,Construction,2025-08-26,24440000,53090000,0.4604,0.0712,248,2030-08-30,61,18,30.0,0.0721,0.1566,2.2,3827789,BBB
HRE-2024-249,Midwest Health Ops Senior Housing Facility - Port Michelleville,Core+,Midwest Health Ops,Single Asset,Construction,2024-12-29,7090000,10800000,0.6565,0.0894,401,2028-12-08,48,13,25.0,0.072,0.1097,1.23,777599,A
HRE-2024-250,Silver Care Partners Life Science Facility - Lake Alyssafurt,Lease-Up,Silver Care Partners,Single Asset,Acquisition,2024-06-21,5730000,9000000,0.6367,0.1132,630,2026-12-08,30,30,,0.1098,0.1725,1.52,988200,A
HRE-2024-251,Apex Healthcare Medical Office Facility - East Andrea,Value-Add,Apex Healthcare,Single Asset,Acquisition,2024-09-24,5170000,8000000,0.6462,0.0983,490,2027-07-11,34,1,25.0,0.0752,0.1164,1.18,601600,BBB
HRE-2024-252,Silver Care Partners Senior Housing Facility - Bassport,Core+,Silver Care Partners,Single Asset,Refinance,2024-05-02,7650000,12300000,0.622,0.0919,396,2027-06-16,38,15,25.0,0.0803,0.1291,1.4,987690,A
HRE-2024-253,Midwest Health Ops Senior Housing Portfolio - Rosebury,Core+,Midwest Health Ops,Portfolio,Acquisition,2024-06-23,27020000,43490000,0.6213,0.0807,301,2027-11-05,41,16,25.0,0.0955,0.1537,1.9,4153295,A+
HRE-2024-254,Beacon Capital Life Science Portfolio - South Monicafort,Core,Beacon Capital,Portfolio,Acquisition,2024-10-18,14130000,30600000,0.4618,0.0696,208,2030-12-16,75,18,28.0,0.0722,0.1564,2.25,2209320,A
HRE-2024-255,Beacon Capital Medical Office Portfolio - Shawhaven,Core,Beacon Capital,Portfolio,Acquisition,2024-09-27,23540000,44690000,0.5267,0.0763,272,2031-04-24,80,20,26.0,0.0608,0.1154,1.51,2717152,BBB+
HRE-2024-256,Beacon Capital Life Science Portfolio - Port Katelynfort,Core+,Beacon Capital,Portfolio,Acquisition,2024-06-10,58790000,92200000,0.6376,0.0826,319,2028-05-20,48,13,25.0,0.0787,0.1234,1.49,7256140,A+
HRE-2024-257,Beacon Capital Medical Office Facility - Rivasside,Value-Add,Beacon Capital,Single Asset,Refinance,2024-06-29,26310000,40500000,0.6496,0.0953,453,2026-07-19,25,2,25.0,0.0837,0.1288,1.35,3389850,BB+
HRE-2024-258,Apex Healthcare Skilled Nursing Facility - Tinaborough,Core,Apex Healthcare,Single Asset,Acquisition,2024-01-31,7860000,14900000,0.5275,0.0804,272,2029-10-01,69,21,28.0,0.0876,0.1661,2.07,1305240,BBB+
HRE-2024-259,Midwest Health Ops Senior Housing Facility - Sanchezside,Core,Midwest Health Ops,Single Asset,Acquisition,2025-09-13,7570000,16300000,0.4644,0.0702,248,2032-01-10,77,24,28.0,0.0796,0.1714,2.44,1297480,BBB
HRE-2024-260,Beacon Capital Medical Office Facility - Port Chad,Core,Beacon Capital,Single Asset,Acquisition,2024-08-02,6530000,13000000,0.5023,0.0742,245,2030-07-02,72,18,27.0,0.0582,0.1159,1.56,756600,AAA
HRE-2024-261,Midwest Health Ops Skilled Nursing Facility - West Donald,Value-Add,Midwest Health Ops,Single Asset,Acquisition,2024-08-14,7540000,9800000,0.7694,0.0918,407,2027-08-29,37,2,25.0,0.1255,0.1631,1.78,1229900,A
HRE-2024-262,Silver Care Partners Medical Office Facility - Hallchester,Core,Silver Care Partners,Single Asset,Refinance,2025-11-12,21300000,41500000,0.5133,0.0708,258,2031-01-15,63,23,28.0,0.0612,0.1192,1.68,2539800,BBB+
HRE-2024-263,Midwest Health Ops Senior Housing Facility - Rodneyside,Lease-Up,Midwest Health Ops,Single Asset,Construction,2024-05-18,14970000,22200000,0.6743,0.1095,591,2026-08-06,27,27,,0.1145,0.1698,1.55,2541900,BBB+
HRE-2024-264,Midwest Health Ops Senior Housing Portfolio - Hillshire,Lease-Up,Midwest Health Ops,Portfolio,Construction,2025-03-01,29920000,47300000,0.6326,0.1047,570,2027-02-19,24,24,,0.1324,0.2093,2.0,6262519,A
HRE-2024-265,Silver Care Partners Senior Housing Portfolio - Port Molly,Core,Silver Care Partners,Portfolio,Acquisition,2025-06-02,16150000,31800000,0.5079,0.0769,300,2030-09-04,64,22,25.0,0.0728,0.1433,1.86,2315040,BBB
HRE-2024-266,Silver Care Partners Skilled Nursing Portfolio - Transtad,Core,Silver Care Partners,Portfolio,Acquisition,2025-06-17,84240000,159390000,0.5285,0.0696,227,2030-05-22,60,22,29.0,0.1023,0.1936,2.78,16305597,AA
HRE-2024-267,Silver Care Partners Senior Housing Portfolio - Michaelmouth,Value-Add,Silver Care Partners,Portfolio,Acquisition,2025-08-01,39580000,60900000,0.6499,0.0888,430,2028-01-18,30,5,25.0,0.0888,0.1366,1.54,5407920,AAA
HRE-2024-268,Apex Healthcare Senior Housing Facility - Hudsonfurt,Core,Apex Healthcare,Single Asset,Acquisition,2024-07-08,12700000,28500000,0.4456,0.0758,260,2030-09-05,75,18,27.0,0.0802,0.18,2.37,2285700,A+
HRE-2024-269,Silver Care Partners Skilled Nursing Portfolio - Matthewsberg,Core,Silver Care Partners,Portfolio,Refinance,2024-09-19,20190000,43200000,0.4674,0.0694,202,2030-10-18,74,18,30.0,0.1029,0.2202,3.17,4445280,AAA
HRE-2024-270,Apex Healthcare Senior Housing Facility - West Robin,Lease-Up,Apex Healthcare,Single Asset,Acquisition,2024-08-17,12720000,17800000,0.7146,0.0973,478,2026-12-05,28,28,,0.1392,0.1948,2.0,2477760,A
HRE-2024-271,Apex Healthcare Medical Office Facility - Garciatown,Value-Add,Apex Healthcare,Single Asset,Refinance,2025-06-29,19060000,27100000,0.7033,0.0872,399,2029-05-09,47,2,25.0,0.0757,0.1076,1.23,2051470,A+
HRE-2024-272,Midwest Health Ops Skilled Nursing Portfolio - Walkerville,Core+,Midwest Health Ops,Portfolio,Refinance,2025-02-19,22610000,36910000,0.6126,0.0842,353,2029-10-26,57,14,25.0,0.1117,0.1823,2.17,4122847,AA
HRE-2024-273,Silver Care Partners Senior Housing Facility - Sandersborough,Value-Add,Silver Care Partners,Single Asset,Acquisition,2025-08-18,11340000,16400000,0.6915,0.0871,401,2028-06-03,34,6,25.0,0.0933,0.1349,1.55,1530120,AA
HRE-2024-274,Midwest Health Ops Senior Housing Portfolio - New Kathybury,Value-Add,Midwest Health Ops,Portfolio,Construction,2024-08-06,21650000,27300000,0.793,0.1034,532,2028-07-16,48,3,25.0,0.1139,0.1436,1.39,3109470,A
HRE-2024-275,Silver Care Partners Medical Office Facility - Stevenland,Core,Silver Care Partners,Single Asset,Acquisition,2025-05-26,12220000,24300000,0.5029,0.0681,208,2031-03-26,71,22,29.0,0.0557,0.1108,1.63,1353510,AA
HRE-2024-276,Beacon Capital Medical Office Portfolio - North Sarabury,Core,Beacon Capital,Portfolio,Acquisition,2024-04-18,11610000,25200000,0.4607,0.0769,252,2029-09-19,66,23,26.0,0.0671,0.1456,1.89,1690920,A
HRE-2024-277,Midwest Health Ops Life Science Facility - South Monicafort,Core+,Midwest Health Ops,Single Asset,Refinance,2024-04-03,10110000,16100000,0.628,0.0838,331,2028-09-09,54,12,25.0,0.078,0.1242,1.48,1255800,AA+
HRE-2024-278,Silver Care Partners Medical Office Portfolio - Matthewview,Core+,Silver Care Partners,Portfolio,Acquisition,2025-03-21,18620000,32300000,0.5765,0.078,301,2029-01-29,47,15,25.0,0.0821,0.1424,1.83,2651830,A
HRE-2024-279,Apex Healthcare Medical Office Facility - Lake Kendraville,Core+,Apex Healthcare,Single Asset,Acquisition,2024-03-22,4660000,8000000,0.5825,0.0879,366,2027-10-03,43,13,25.0,0.0765,0.1313,1.49,612000,A
HRE-2024-280,Apex Healthcare Skilled Nursing Facility - East Kristin,Value-Add,Apex Healthcare,Single Asset,Construction,2025-06-26,6330000,9200000,0.688,0.0831,366,2028-12-07,42,4,25.0,0.1275,0.1853,2.23,1173000,AA+
HRE-2024-281,Midwest Health Ops Life Science Facility - Port Nicoleshire,Value-Add,Midwest Health Ops,Single Asset,Refinance,2025-07-31,8490000,11100000,0.7649,0.101,542,2028-06-15,35,4,25.0,0.0869,0.1136,1.12,964590,BBB+
HRE-2024-282,Midwest Health Ops Medical Office Facility - Robinsonshire,Lease-Up,Midwest Health Ops,Single Asset,Construction,2025-05-08,16260000,20700000,0.7855,0.1146,665,2028-03-23,35,35,,0.1176,0.1497,1.31,2434320,BBB+
HRE-2024-283,Apex Healthcare Skilled Nursing Facility - South Christineshire,Core,Apex Healthcare,Single Asset,Acquisition,2024-12-17,6220000,12600000,0.4937,0.077,279,2030-10-17,71,21,28.0,0.1017,0.206,2.68,1281420,A+
HRE-2024-284,Silver Care Partners Skilled Nursing Portfolio - Lake Christopher,Core+,Silver Care Partners,Portfolio,Acquisition,2025-01-02,40130000,67700000,0.5928,0.081,324,2028-10-13,46,12,25.0,0.0982,0.1657,2.05,6648140,AA+
HRE-2024-285,Midwest Health Ops Skilled Nursing Portfolio - Sanchezfort,Core+,Midwest Health Ops,Portfolio,Acquisition,2025-03-20,62750000,96290000,0.6517,0.0864,393,2029-05-28,51,13,25.0,0.1013,0.1554,1.8,9754177,A
HRE-2024-286,Silver Care Partners Senior Housing Facility - West Andrea,Lease-Up,Silver Care Partners,Single Asset,Construction,2025-01-04,16910000,23800000,0.7105,0.1115,625,2027-07-23,31,31,,0.1134,0.1596,1.43,2698920,A
HRE-2024-287,Midwest Health Ops Medical Office Facility - New Kellystad,Core,Midwest Health Ops,Single Asset,Refinance,2025-10-11,9070000,16200000,0.5599,0.0755,303,2032-09-04,84,23,25.0,0.0642,0.1147,1.52,1040039,A
HRE-2024-288,Beacon Capital Medical Office Facility - Chavezside,Core,Beacon Capital,Single Asset,Refinance,2025-11-02,9530000,21000000,0.4538,0.0727,279,2031-10-02,72,23,28.0,0.0681,0.1501,2.06,1430099,AA+
HRE-2024-289,Apex Healthcare Medical Office Facility - Jeffreyborough,Core+,Apex Healthcare,Single Asset,Acquisition,2025-04-11,15760000,27100000,0.5815,0.0841,363,2029-09-17,54,12,25.0,0.0703,0.1209,1.44,1905130,A
HRE-2024-290,Midwest Health Ops Senior Housing Facility - Baileyport,Core+,Midwest Health Ops,Single Asset,Acquisition,2025-09-04,10030000,17200000,0.5831,0.0825,356,2029-01-16,41,16,25.0,0.0885,0.1518,1.84,1522200,BBB+
HRE-2024-291,Silver Care Partners Senior Housing Portfolio - South Christineshire,Core+,Silver Care Partners,Portfolio,Acquisition,2025-02-22,28670000,47900000,0.5985,0.0789,307,2029-10-29,57,13,25.0,0.0815,0.1362,1.73,3903850,A+
HRE-2024-292,Silver Care Partners Senior Housing Facility - Port Jacobland,Core,Silver Care Partners,Single Asset,Refinance,2025-01-11,7020000,13200000,0.5318,0.0748,255,2030-05-15,65,23,27.0,0.0762,0.1433,1.92,1005840,BBB+
HRE-2024-293,Silver Care Partners Senior Housing Facility - Port Anthonybury,Lease-Up,Silver Care Partners,Single Asset,Construction,2025-11-16,17200000,22900000,0.7511,0.1024,578,2028-04-04,29,29,,0.1366,0.1819,1.78,3128140,AAA
HRE-2024-294,Apex Healthcare Medical Office Facility - New Reneetown,Core+,Apex Healthcare,Single Asset,Acquisition,2024-07-12,22070000,34300000,0.6434,0.0776,276,2027-10-25,40,17,25.0,0.0696,0.1082,1.39,2387280,AA+
HRE-2024-295,Midwest Health Ops Medical Office Facility - Stevenmouth,Lease-Up,Midwest Health Ops,Single Asset,Acquisition,2025-08-30,9680000,14600000,0.663,0.1097,635,2027-10-19,26,26,,0.1275,0.1923,1.75,1861500,BBB+
HRE-2024-296,Midwest Health Ops Life Science Portfolio - New Deborahtown,Value-Add,Midwest Health Ops,Portfolio,Refinance,2024-11-19,32500000,47100000,0.69,0.0917,428,2028-05-02,42,3,25.0,0.0986,0.1429,1.56,4644060,A
HRE-2024-297,Midwest Health Ops Medical Office Portfolio - North Donna,Core,Midwest Health Ops,Portfolio,Acquisition,2025-10-12,30210000,61700000,0.4896,0.0736,286,2031-01-14,64,20,27.0,0.0555,0.1134,1.54,3424350,A+
HRE-2024-298,Apex Healthcare Senior Housing Facility - Katieburgh,Lease-Up,Apex Healthcare,Single Asset,Acquisition,2025-08-19,7380000,11800000,0.6254,0.1007,548,2028-01-06,29,29,,0.1201,0.192,1.91,1417180,AA
HRE-2024-299,Silver Care Partners Medical Office Portfolio - East Joshuashire,Value-Add,Silver Care Partners,Portfolio,Refinance,2024-07-28,21510000,31500000,0.6829,0.0917,408,2028-02-08,43,2,25.0,0.0747,0.1094,1.19,2353050,A+
HRE-2024-300,Apex Healthcare Life Science Facility - New Saraside,Lease-Up,Apex Healthcare,Single Asset,Acquisition,2024-04-17,24600000,36200000,0.6796,0.0969,457,2027-04-02,36,36,,0.1177,0.1732,1.79,4260740,A
HRE-2024-301,Silver Care Partners Senior Housing Facility - Richardtown,Lease-Up,Silver Care Partners,Single Asset,Acquisition,2025-03-06,14450000,18500000,0.7811,0.112,633,2027-11-21,33,33,,0.1219,0.1561,1.39,2255150,BBB+
HRE-2024-302,Silver Care Partners Medical Office Facility - New Thomas,Value-Add,Silver Care Partners,Single Asset,Construction,2025-01-20,20340000,32200000,0.6317,0.0924,446,2027-01-10,24,1,25.0,0.0877,0.1388,1.5,2823940,BBB+
HRE-2024-303,Apex Healthcare Medical Office Facility - North Scott,Core,Apex Healthcare,Single Asset,Construction,2024-09-22,5590000,12300000,0.4545,0.077,274,2030-09-21,73,24,30.0,0.0563,0.1239,1.61,692490,A+
HRE-2024-304,Midwest Health Ops Medical Office Facility - Marcusbury,Core+,Midwest Health Ops,Single Asset,Construction,2024-09-28,9890000,17500000,0.5651,0.0922,418,2029-08-03,59,18,25.0,0.0633,0.112,1.21,1107750,A+
HRE-2024-305,Silver Care Partners Skilled Nursing Portfolio - Stephaniefort,Core,Silver Care Partners,Portfolio,Acquisition,2025-08-21,16550000,34610000,0.4782,0.0756,290,2030-12-23,65,23,30.0,0.1045,0.2185,2.89,3616745,A
HRE-2024-306,Apex Healthcare Senior Housing Facility - Cindyfort,Core+,Apex Healthcare,Single Asset,Acquisition,2024-08-15,13190000,22900000,0.576,0.0889,380,2028-04-26,45,15,25.0,0.0803,0.1394,1.57,1838870,A
HRE-2024-307,Beacon Capital Medical Office Portfolio - Sanchezside,Core,Beacon Capital,Portfolio,Acquisition,2024-11-20,14720000,32710000,0.45,0.0774,281,2031-06-17,80,24,29.0,0.0657,0.146,1.89,2149047,BB+
HRE-2024-308,Beacon Capital Medical Office Portfolio - North Jeremyshire,Core+,Beacon Capital,Portfolio,Refinance,2024-02-08,59180000,95600000,0.619,0.0802,278,2027-03-24,38,17,25.0,0.0761,0.1229,1.53,7275160,A+
HRE-2024-309,Beacon Capital Skilled Nursing Facility - Kristopherbury,Lease-Up,Beacon Capital,Single Asset,Construction,2025-08-16,12710000,17800000,0.714,0.1097,635,2028-04-02,32,32,,0.1325,0.1856,1.69,2358500,A
HRE-2024-310,Apex Healthcare Senior Housing Facility - Richardtown,Core+,Apex Healthcare,Single Asset,Acquisition,2024-03-31,6980000,11100000,0.6288,0.0851,342,2028-09-06,54,17,25.0,0.0772,0.1228,1.44,856920,A+
HRE-2024-311,Apex Healthcare Senior Housing Facility - Stevenmouth,Value-Add,Apex Healthcare,Single Asset,Acquisition,2025-02-05,14540000,19400000,0.7495,0.0836,347,2027-10-23,33,4,25.0,0.0916,0.1222,1.46,1777040,A+
HRE-2024-312,Silver Care Partners Medical Office Portfolio - Lake Roberto,Core+,Silver Care Partners,Portfolio,Acquisition,2025-05-20,32090000,56700000,0.566,0.0803,323,2029-12-25,56,16,25.0,0.07,0.1237,1.54,3969000,BBB
HRE-2024-313,Midwest Health Ops Senior Housing Facility - Baileybury,Core+,Midwest Health Ops,Single Asset,Refinance,2025-03-15,9720000,17400000,0.5586,0.0869,393,2029-01-23,47,13,25.0,0.0832,0.1489,1.71,1447680,BB
HRE-2024-314,Midwest Health Ops Senior Housing Facility - East Robert,Lease-Up,Midwest Health Ops,Single Asset,Construction,2024-11-30,20610000,28900000,0.7131,0.1046,561,2027-05-19,30,30,,0.1185,0.1662,1.59,3424650,A
HRE-2024-315,Apex Healthcare Senior Housing Portfolio - Mollymouth,Lease-Up,Apex Healthcare,Portfolio,Construction,2024-10-20,78810000,117600000,0.6702,0.0963,475,2027-01-08,27,27,,0.1413,0.2108,2.19,16616880,A+
HRE-2024-316,Silver Care Partners Senior Housing Facility - Port Jacobland 2,Value-Add,Silver Care Partners,Single Asset,Refinance,2024-11-20,13280000,18600000,0.714,0.0987,493,2028-08-31,46,1,25.0,0.1008,0.1412,1.43,1874880,AA
HRE-2024-317,Apex Healthcare Medical Office Facility - Port Jesseville,Value-Add,Apex Healthcare,Single Asset,Acquisition,2024-08-28,24140000,32200000,0.7497,0.092,427,2027-01-15,29,6,25.0,0.0957,0.1277,1.39,3081540,AA
HRE-2024-318,Beacon Capital Life Science Facility - Jasonfort,Core,Beacon Capital,Single Asset,Acquisition,2025-06-09,10050000,19800000,0.5076,0.0743,282,2031-03-10,70,18,27.0,0.0699,0.1377,1.85,1384020,A+
HRE-2024-319,Silver Care Partners Medical Office Facility - East Lisa 2,Core+,Silver Care Partners,Single Asset,Acquisition,2025-05-13,17140000,29700000,0.5771,0.0763,291,2030-01-17,57,14,25.0,0.0732,0.1268,1.66,2174040,AA+
HRE-2024-320,Silver Care Partners Life Science Facility - Ashleyton,Lease-Up,Silver Care Partners,Single Asset,Construction,2025-09-10,35020000,53300000,0.657,0.1008,555,2028-05-27,33,33,,0.1112,0.1692,1.68,5926960,A+
HRE-2024-321,Midwest Health Ops Medical Office Portfolio - West Brandon,Value-Add,Midwest Health Ops,Portfolio,Refinance,2024-09-12,32840000,45800000,0.717,0.1021,530,2028-02-24,42,6,25.0,0.0815,0.1137,1.11,3732700,AA
HRE-2024-322,Silver Care Partners Medical Office Facility - Mollymouth,Core+,Silver Care Partners,Single Asset,Acquisition,2024-02-23,11490000,19400000,0.5923,0.0842,316,2027-08-06,42,18,25.0,0.0774,0.1307,1.55,1501560,A
HRE-2024-323,Apex Healthcare Skilled Nursing Facility - Maryshire,Value-Add,Apex Healthcare,Single Asset,Construction,2025-11-26,8720000,13200000,0.6606,0.0833,375,2028-08-12,33,3,25.0,0.1093,0.1655,1.99,1442760,A
HRE-2024-324,Beacon Capital Senior Housing Facility - South Christopherview,Core,Beacon Capital,Single Asset,Refinance,2025-08-03,16680000,33200000,0.5024,0.0701,246,2031-03-05,68,20,25.0,0.0663,0.132,1.88,2201160,AA
HRE-2024-325,Silver Care Partners Medical Office Facility - Gordonton,Value-Add,Silver Care Partners,Single Asset,Acquisition,2024-07-24,23390000,32100000,0.7287,0.1015,516,2027-02-09,31,5,25.0,0.0819,0.1124,1.11,2628990,BBB+
HRE-2024-326,Midwest Health Ops Skilled Nursing Facility - New Kellyberg,Core+,Midwest Health Ops,Single Asset,Construction,2024-10-17,5890000,10200000,0.5775,0.0857,370,2029-01-24,52,12,25.0,0.1049,0.1817,2.12,1069980,AA
HRE-2024-327,Midwest Health Ops Medical Office Facility - Shortville,Lease-Up,Midwest Health Ops,Single Asset,Acquisition,2025-08-10,14770000,19000000,0.7774,0.0959,502,2028-07-25,36,36,,0.1249,0.1607,1.68,2373100,A
HRE-2024-328,Apex Healthcare Senior Housing Facility - Coffeyport,Core,Apex Healthcare,Single Asset,Acquisition,2025-03-12,6360000,13700000,0.4642,0.0711,232,2031-12-06,82,22,27.0,0.0692,0.1491,2.1,948040,A
HRE-2024-329,Silver Care Partners Skilled Nursing Facility - Lake Leeton,Lease-Up,Silver Care Partners,Single Asset,Acquisition,2025-08-18,13930000,18900000,0.737,0.0933,472,2028-03-05,31,31,,0.1458,0.1978,2.12,2755620,AA+
HRE-2024-330,Apex Healthcare Skilled Nursing Facility - Penafort,Core,Apex Healthcare,Single Asset,Acquisition,2025-11-16,14030000,29200000,0.4805,0.0709,253,2031-12-15,74,20,30.0,0.0981,0.2042,2.88,2864520,A
HRE-2024-331,Midwest Health Ops Medical Office Portfolio - West Kimberlychester,Core,Midwest Health Ops,Portfolio,Acquisition,2024-01-27,28650000,61900000,0.4628,0.0814,281,2030-09-22,81,22,28.0,0.0671,0.145,1.78,4153490,AA+
HRE-2024-332,Apex Healthcare Medical Office Facility - Meganstad,Value-Add,Apex Healthcare,Single Asset,Acquisition,2025-06-30,14150000,18500000,0.7649,0.0928,455,2028-04-15,34,2,25.0,0.0854,0.1117,1.2,1579900,BBB+
HRE-2024-333,Beacon Capital Life Science Portfolio - Scotttown,Value-Add,Beacon Capital,Portfolio,Refinance,2024-09-18,29490000,46110000,0.6396,0.1012,510,2028-08-28,48,5,25.0,0.0913,0.1428,1.41,4209843,A+
HRE-2024-334,Beacon Capital Life Science Portfolio - Davidstad,Core,Beacon Capital,Portfolio,Acquisition,2024-05-29,22140000,44800000,0.4942,0.0712,192,2029-12-29,68,22,25.0,0.0659,0.1333,1.87,2952320,A+
HRE-2024-335,Beacon Capital Senior Housing Facility - Port Markside,Core,Beacon Capital,Single Asset,Refinance,2025-05-12,14640000,33300000,0.4396,0.066,189,2030-10-13,66,18,25.0,0.0703,0.1599,2.42,2340990,AA+
HRE-2024-336,Silver Care Partners Senior Housing Facility - Rossberg,Lease-Up,Silver Care Partners,Single Asset,Acquisition,2024-05-14,14350000,20400000,0.7034,0.1144,624,2027-03-30,35,35,,0.1234,0.1754,1.53,2517360,BBB+
HRE-2024-337,Beacon Capital Senior Housing Portfolio - Samuelhaven,Core,Beacon Capital,Portfolio,Acquisition,2025-04-16,29690000,63200000,0.4698,0.0719,236,2031-08-13,77,22,27.0,0.0734,0.1562,2.17,4638880,AA+
HRE-2024-338,Beacon Capital Senior Housing Facility - Christinaside,Value-Add,Beacon Capital,Single Asset,Refinance,2024-10-20,5360000,8000000,0.67,0.0939,437,2028-02-02,40,2,25.0,0.107,0.1597,1.7,856000,BBB+
HRE-2024-339,Midwest Health Ops Senior Housing Facility - Moonburgh,Value-Add,Midwest Health Ops,Single Asset,Acquisition,2025-01-03,24520000,33800000,0.7254,0.0917,428,2028-09-14,45,4,25.0,0.111,0.153,1.67,3751800,A+
HRE-2024-340,Silver Care Partners Life Science Facility - Transtad,Core+,Silver Care Partners,Single Asset,Refinance,2024-08-23,4400000,8000000,0.55,0.0869,375,2029-07-28,60,16,25.0,0.07,0.1273,1.46,560000,AA+
HRE-2024-341,Beacon Capital Medical Office Facility - West Andrea,Value-Add,Beacon Capital,Single Asset,Acquisition,2024-07-20,59210000,86400000,0.6853,0.0981,470,2028-05-30,47,5,25.0,0.0972,0.1418,1.45,8398080,A
HRE-2024-342,Beacon Capital Senior Housing Facility - Russellside,Core+,Beacon Capital,Single Asset,Refinance,2025-10-05,17120000,32200000,0.5317,0.08,343,2029-04-17,43,15,25.0,0.0809,0.1522,1.9,2604980,AA+
HRE-2024-343,Silver Care Partners Medical Office Portfolio - New Amanda,Lease-Up,Silver Care Partners,Portfolio,Acquisition,2024-11-21,34170000,45100000,0.7576,0.0934,450,2027-01-10,26,26,,0.1063,0.1403,1.5,4794130,BBB+
HRE-2024-344,Apex Healthcare Skilled Nursing Portfolio - Jeremyburgh,Core,Apex Healthcare,Portfolio,Acquisition,2024-03-01,33670000,69400000,0.4852,0.0773,246,2030-05-29,76,24,30.0,0.1048,0.216,2.79,7273120,A+
HRE-2024-345,Apex Healthcare Medical Office Facility - Matthewview,Value-Add,Apex Healthcare,Single Asset,Acquisition,2024-03-19,12880000,19800000,0.6505,0.091,389,2027-01-03,34,2,25.0,0.0803,0.1234,1.36,1589940,AAA
HRE-2024-346,Beacon Capital Medical Office Facility - Jeffreyborough,Core,Beacon Capital,Single Asset,Construction,2024-08-02,5960000,13100000,0.455,0.0749,251,2030-10-30,76,19,28.0,0.0681,0.1497,2.0,892109,A
HRE-2024-347,Apex Healthcare Senior Housing Facility - Rodneyside,Core+,Apex Healthcare,Single Asset,Refinance,2025-04-17,12450000,22300000,0.5583,0.0757,286,2030-01-21,58,12,25.0,0.0804,0.144,1.9,1792920,A
HRE-2024-348,Beacon Capital Senior Housing Facility - Lake Madisonport,Value-Add,Beacon Capital,Single Asset,Construction,2024-01-15,10310000,16400000,0.6287,0.0883,350,2026-09-01,32,0,25.0,0.1123,0.1786,2.02,1841720,A
HRE-2024-349,Midwest Health Ops Medical Office Facility - Lake Debbieport,Core+,Midwest Health Ops,Single Asset,Refinance,2025-01-20,8360000,13700000,0.6102,0.0844,356,2028-12-30,48,14,25.0,0.0737,0.1208,1.43,1009690,AA
HRE-2024-350,Midwest Health Ops Medical Office Facility - Tinaborough,Core+,Midwest Health Ops,Single Asset,Refinance,2025-01-17,9270000,16500000,0.5618,0.085,360,2029-08-24,56,15,25.0,0.0783,0.1394,1.64,1291950,A+
HRE-2024-351,Midwest Health Ops Medical Office Facility - Davidfort,Value-Add,Midwest Health Ops,Single Asset,Acquisition,2025-10-20,12780000,18800000,0.6798,0.0885,435,2028-12-03,38,1,25.0,0.081,0.1192,1.35,1522800,AA
HRE-2024-352,Beacon Capital Life Science Portfolio - North Sarabury,Core,Beacon Capital,Portfolio,Refinance,2025-06-03,10460000,23100000,0.4528,0.0669,192,2030-11-04,66,19,26.0,0.0699,0.1544,2.31,1614690,AA+
HRE-2024-353,Silver Care Partners Senior Housing Facility - New Roberttown,Core+,Silver Care Partners,Single Asset,Refinance,2024-02-16,10570000,16800000,0.6292,0.0897,374,2027-11-27,46,12,25.0,0.0772,0.1227,1.37,1296960,AAA
HRE-2024-354,Apex Healthcare Life Science Facility - Yumouth,Lease-Up,Apex Healthcare,Single Asset,Acquisition,2024-05-24,6670000,10100000,0.6604,0.1121,607,2026-10-11,29,29,,0.1242,0.1881,1.68,1254420,A
HRE-2024-355,Midwest Health Ops Medical Office Facility - Port Andrew,Lease-Up,Midwest Health Ops,Single Asset,Construction,2025-03-04,12980000,18600000,0.6978,0.1066,578,2027-06-22,28,28,,0.0994,0.1424,1.34,1848840,A+
HRE-2024-356,Apex Healthcare Medical Office Facility - New Amanda,Core,Apex Healthcare,Single Asset,Refinance,2024-06-06,5830000,13200000,0.4417,0.076,256,2030-05-06,72,20,29.0,0.0687,0.1555,2.05,906840,AA
HRE-2024-357,Midwest Health Ops Life Science Facility - Elizabethburgh,Core,Midwest Health Ops,Single Asset,Acquisition,2025-11-05,8660000,18100000,0.4785,0.0772,324,2032-02-02,76,21,26.0,0.0638,0.1333,1.73,1154780,AAA
HRE-2024-358,Beacon Capital Medical Office Facility - Walkerville,Core+,Beacon Capital,Single Asset,Construction,2024-12-13,7620000,13000000,0.5862,0.0789,299,2027-11-28,36,17,25.0,0.069,0.1177,1.49,897000,AA
HRE-2024-359,Beacon Capital Life Science Portfolio - Chavezburgh,Lease-Up,Beacon Capital,Portfolio,Acquisition,2025-07-24,28160000,43000000,0.6549,0.1017,554,2028-04-09,33,33,,0.1294,0.1976,1.94,5564199,A
HRE-2024-360,Midwest Health Ops Life Science Portfolio - Robinsonshire,Lease-Up,Midwest Health Ops,Portfolio,Construction,2024-03-10,46680000,60800000,0.7678,0.1199,674,2026-10-26,32,32,,0.1292,0.1683,1.4,7855360,BBB+
HRE-2024-361,Midwest Health Ops Skilled Nursing Facility - North Susan,Lease-Up,Midwest Health Ops,Single Asset,Acquisition,2024-03-26,12540000,17100000,0.7333,0.1019,509,2026-12-11,33,33,,0.14,0.1909,1.87,2394000,A
HRE-2024-362,Beacon Capital Skilled Nursing Facility - Lake Kendraville,Core+,Beacon Capital,Single Asset,Refinance,2024-10-05,13580000,23400000,0.5803,0.0794,303,2027-11-19,38,13,25.0,0.0993,0.1711,2.15,2323620,BBB
HRE-2024-363,Apex Healthcare Medical Office Facility - Michaelburgh,Core,Apex Healthcare,Single Asset,Acquisition,2025-10-10,6270000,12000000,0.5225,0.0649,192,2030-09-14,60,18,26.0,0.0628,0.1202,1.85,753599,A+
HRE-2024-364,Silver Care Partners Skilled Nursing Facility - West Amandamouth,Value-Add,Silver Care Partners,Single Asset,Acquisition,2025-10-16,9350000,14500000,0.6448,0.0858,410,2028-11-29,38,6,25.0,0.1229,0.1906,2.22,1782050,A
HRE-2024-365,Apex Healthcare Life Science Portfolio - Bruceside,Value-Add,Apex Healthcare,Portfolio,Acquisition,2024-06-25,39700000,53600000,0.7407,0.0989,484,2026-06-15,24,5,25.0,0.0952,0.1285,1.3,5102720,A
HRE-2024-366,Silver Care Partners Medical Office Facility - North Kristinbury,Value-Add,Silver Care Partners,Single Asset,Acquisition,2024-07-07,8400000,11500000,0.7304,0.096,455,2026-10-25,28,5,25.0,0.092,0.126,1.31,1058000,A+
HRE-2024-367,Beacon Capital Medical Office Portfolio - Jasonbury,Lease-Up,Beacon Capital,Portfolio,Construction,2025-01-09,50930000,68800000,0.7403,0.1036,553,2027-08-27,32,32,,0.1156,0.1562,1.51,7953280,BBB+
HRE-2024-368,Beacon Capital Skilled Nursing Portfolio - Finleyfort,Value-Add,Beacon Capital,Portfolio,Acquisition,2024-03-30,17500000,23290000,0.7514,0.0867,359,2027-03-15,36,2,25.0,0.1143,0.1521,1.75,2662047,AA+
HRE-2024-369,Silver Care Partners Senior Housing Portfolio - South Shannon,Core,Silver Care Partners,Portfolio,Acquisition,2024-01-21,13730000,28400000,0.4835,0.0731,209,2029-08-22,68,21,29.0,0.0755,0.1562,2.14,2144200,AA
HRE-2024-370,Apex Healthcare Life Science Facility - Carterbury,Value-Add,Apex Healthcare,Single Asset,Acquisition,2024-04-15,19510000,29400000,0.6636,0.0905,395,2026-04-05,24,3,25.0,0.0944,0.1423,1.57,2775360,BBB+
HRE-2024-371,Silver Care Partners Medical Office Facility - Port Jacquelineside 2,Core+,Silver Care Partners,Single Asset,Acquisition,2025-07-06,7890000,12400000,0.6363,0.0845,381,2030-03-12,57,16,25.0,0.0817,0.1284,1.52,1013079,AA
HRE-2024-372,Silver Care Partners Life Science Portfolio - Coffeyport,Value-Add,Silver Care Partners,Portfolio,Acquisition,2024-07-15,18590000,22490000,0.8266,0.0992,481,2028-02-25,44,4,25.0,0.0889,0.1076,1.08,1999361,BBB+
HRE-2024-373,Beacon Capital Life Science Facility - Baileybury,Lease-Up,Beacon Capital,Single Asset,Acquisition,2025-03-03,7960000,11900000,0.6689,0.1047,567,2028-02-16,36,36,,0.1255,0.1876,1.79,1493450,AA
HRE-2024-374,Apex Healthcare Medical Office Portfolio - Perryshire,Core,Apex Healthcare,Portfolio,Acquisition,2024-01-23,16470000,32900000,0.5006,0.0719,193,2030-02-20,74,18,30.0,0.0619,0.1236,1.72,2036510,A+
HRE-2024-375,Apex Healthcare Medical Office Facility - North Richardmouth,Core,Apex Healthcare,Single Asset,Acquisition,2025-02-11,22980000,51200000,0.4488,0.0757,274,2031-10-08,81,23,30.0,0.0657,0.1464,1.93,3363839,AA
HRE-2024-376,Silver Care Partners Senior Housing Portfolio - South Todd,Core,Silver Care Partners,Portfolio,Acquisition,2025-11-13,20750000,41790000,0.4965,0.0712,259,2032-09-07,83,18,27.0,0.0667,0.1343,1.89,2787393,A+
HRE-2024-377,Beacon Capital Medical Office Facility - Christinaside,Value-Add,Beacon Capital,Single Asset,Refinance,2024-10-19,8120000,13000000,0.6246,0.0843,349,2027-02-06,28,5,25.0,0.0928,0.1486,1.76,1206400,A+
HRE-2024-378,Beacon Capital Life Science Portfolio - Samuelhaven,Core+,Beacon Capital,Portfolio,Acquisition,2025-03-17,20440000,35100000,0.5823,0.085,376,2029-12-21,58,16,25.0,0.0728,0.125,1.47,2555280,BBB+
HRE-2024-379,Apex Healthcare Life Science Facility - Michaelchester,Value-Add,Apex Healthcare,Single Asset,Refinance,2025-01-24,9570000,13400000,0.7142,0.0975,488,2028-05-08,40,3,25.0,0.0962,0.1347,1.38,1289080,A
HRE-2024-380,Midwest Health Ops Medical Office Facility - Simsview,Value-Add,Midwest Health Ops,Single Asset,Acquisition,2025-08-28,26650000,40400000,0.6597,0.0914,447,2029-01-09,41,5,25.0,0.0963,0.146,1.6,3890520,A
HRE-2024-381,Beacon Capital Skilled Nursing Facility - South David,Core,Beacon Capital,Single Asset,Refinance,2025-03-07,8630000,19000000,0.4542,0.0671,193,2031-08-03,78,18,28.0,0.0868,0.1911,2.85,1649200,BB
HRE-2024-382,Silver Care Partners Medical Office Facility - Anthonymouth,Value-Add,Silver Care Partners,Single Asset,Acquisition,2024-10-05,6170000,9600000,0.6427,0.086,355,2027-07-22,34,4,25.0,0.0909,0.1414,1.64,872640,BB+
HRE-2024-383,Midwest Health Ops Senior Housing Facility - East Paigeberg,Core+,Midwest Health Ops,Single Asset,Construction,2024-02-28,13160000,21600000,0.6093,0.0889,374,2028-09-04,55,17,25.0,0.0841,0.138,1.55,1816559,A+
HRE-2024-384,Apex Healthcare Life Science Facility - Juliechester,Core+,Apex Healthcare,Single Asset,Refinance,2024-03-23,22420000,33400000,0.6713,0.0787,265,2027-10-04,43,17,25.0,0.071,0.1058,1.34,2371400,AA+
HRE-2024-385,Apex Healthcare Medical Office Facility - West Andrea,Lease-Up,Apex Healthcare,Single Asset,Construction,2024-04-11,7760000,10500000,0.739,0.1135,624,2026-07-30,28,28,,0.1213,0.1641,1.45,1273650,A+
HRE-2024-386,Apex Healthcare Senior Housing Facility - New Anthonyport,Value-Add,Apex Healthcare,Single Asset,Acquisition,2025-05-14,17060000,25400000,0.6717,0.0846,368,2027-12-30,32,6,25.0,0.1008,0.1501,1.77,2560320,A+
HRE-2024-387,Midwest Health Ops Senior Housing Facility - Taylorburgh,Core,Midwest Health Ops,Single Asset,Acquisition,2024-09-14,3860000,8000000,0.4825,0.0736,228,2031-08-09,84,20,29.0,0.0671,0.1391,1.89,536800,A
HRE-2024-388,Midwest Health Ops Senior Housing Facility - Mollymouth,Core+,Midwest Health Ops,Single Asset,Construction,2024-05-26,6680000,10800000,0.6185,0.0812,310,2028-08-03,51,16,25.0,0.0794,0.1284,1.58,857520,BBB
HRE-2024-389,Silver Care Partners Medical Office Facility - Alfredview,Core+,Silver Care Partners,Single Asset,Refinance,2025-06-11,8060000,12400000,0.65,0.0829,368,2028-12-22,43,15,25.0,0.0733,0.1128,1.36,908920,AAA
HRE-2024-390,Beacon Capital Senior Housing Facility - Ericaberg,Core,Beacon Capital,Single Asset,Refinance,2024-10-15,13090000,27700000,0.4726,0.0757,256,2030-02-16,65,21,26.0,0.0758,0.1604,2.12,2099660,BBB+
HRE-2024-391,Midwest Health Ops Senior Housing Portfolio - Adamsborough,Value-Add,Midwest Health Ops,Portfolio,Refinance,2024-02-15,43780000,66810000,0.6553,0.0949,433,2027-12-26,47,4,25.0,0.0912,0.1392,1.47,6093072,A+
HRE-2024-392,Apex Healthcare Senior Housing Facility - East Jamesside,Value-Add,Apex Healthcare,Single Asset,Refinance,2025-01-04,10960000,18300000,0.5989,0.0904,414,2027-08-22,32,3,25.0,0.1078,0.18,1.99,1972740,A+
HRE-2024-393,Apex Healthcare Medical Office Portfolio - Donnaburgh,Core+,Apex Healthcare,Portfolio,Construction,2024-04-03,18620000,31000000,0.6006,0.0786,271,2028-04-12,49,17,25.0,0.0702,0.1169,1.49,2176200,A+
HRE-2024-394,Midwest Health Ops Medical Office Facility - Port Kathyborough,Value-Add,Midwest Health Ops,Single Asset,Acquisition,2025-07-29,21180000,30600000,0.6922,0.0857,394,2028-10-11,39,2,25.0,0.0849,0.1227,1.43,2597940,BBB+
HRE-2024-395,Beacon Capital Medical Office Portfolio - Simsview,Value-Add,Beacon Capital,Portfolio,Refinance,2025-10-11,55550000,79910000,0.6952,0.0792,339,2028-08-26,35,3,25.0,0.0851,0.1224,1.55,6800341,A
HRE-2024-396,Midwest Health Ops Life Science Facility - Lake Jamesville,Core+,Midwest Health Ops,Single Asset,Refinance,2024-10-20,9480000,15500000,0.6116,0.0901,406,2027-10-05,36,13,25.0,0.0701,0.1146,1.27,1086550,BB
HRE-2024-397,Midwest Health Ops Life Science Portfolio - Taylorburgh,Core,Midwest Health Ops,Portfolio,Acquisition,2025-10-25,19780000,38400000,0.5151,0.0733,277,2032-05-21,80,24,29.0,0.0677,0.1314,1.79,2599680,AA
HRE-2024-398,Midwest Health Ops Medical Office Facility - Samuelhaven,Core,Midwest Health Ops,Single Asset,Acquisition,2024-06-18,8490000,17300000,0.4908,0.0756,254,2030-12-14,79,20,29.0,0.057,0.1161,1.54,986100,AA+
HRE-2024-399,Midwest Health Ops Medical Office Facility - Lake Nicoleview,Lease-Up,Midwest Health Ops,Single Asset,Acquisition,2025-07-16,13270000,19800000,0.6702,0.1143,673,2028-05-31,35,35,,0.1165,0.1738,1.52,2306700,A+
HRE-2024-400,Midwest Health Ops Skilled Nursing Facility - Tuckerfurt,Lease-Up,Midwest Health Ops,Single Asset,Acquisition,2025-09-12,20760000,32600000,0.6368,0.0941,482,2028-04-29,32,32,,0.1505,0.2363,2.51,4906300,A
HRE-2024-401,Midwest Health Ops Life Science Facility - Elainefurt,Core+,Midwest Health Ops,Single Asset,Construction,2024-11-14,17420000,29900000,0.5826,0.0852,350,2029-10-19,60,12,25.0,0.0798,0.137,1.61,2386020,A
HRE-2024-402,Beacon Capital Medical Office Facility - Port Colleenhaven,Value-Add,Beacon Capital,Single Asset,Refinance,2025-07-29,15630000,23700000,0.6595,0.0829,373,2029-06-08,47,2,25.0,0.0818,0.124,1.5,1938660,A
HRE-2024-403,Silver Care Partners Life Science Facility - South Christopherview,Value-Add,Silver Care Partners,Single Asset,Construction,2024-08-19,17330000,21300000,0.8136,0.0961,461,2027-06-05,34,1,25.0,0.09,0.1106,1.15,1917000,BBB+
HRE-2024-404,Silver Care Partners Medical Office Portfolio - Lake Christopher,Core,Silver Care Partners,Portfolio,Acquisition,2025-01-17,15600000,32500000,0.48,0.0743,257,2030-11-17,71,22,28.0,0.0577,0.1202,1.62,1875250,AA
HRE-2024-405,Midwest Health Ops Medical Office Facility - Jonesport,Core,Midwest Health Ops,Single Asset,Refinance,2025-06-28,7670000,16800000,0.4565,0.0732,271,2031-12-24,79,22,26.0,0.0678,0.1485,2.03,1139040,BBB+
HRE-2024-406,Apex Healthcare Medical Office Facility - Port Chad,Core+,Apex Healthcare,Single Asset,Refinance,2025-07-22,16310000,27800000,0.5867,0.0841,383,2029-11-28,53,13,25.0,0.0795,0.1355,1.61,2210100,BBB+
HRE-2024-407,Midwest Health Ops Medical Office Facility - New Michelleton,Lease-Up,Midwest Health Ops,Single Asset,Construction,2024-11-29,17450000,28100000,0.621,0.1063,574,2027-09-15,34,34,,0.1205,0.194,1.83,3386050,BBB+
HRE-2024-408,Silver Care Partners Medical Office Portfolio - New Williamberg,Value-Add,Silver Care Partners,Portfolio,Refinance,2025-01-18,38910000,58200000,0.6686,0.0855,364,2028-12-28,48,3,25.0,0.0834,0.1247,1.46,4853880,A+
HRE-2024-409,Beacon Capital Medical Office Facility - Oscarhaven,Lease-Up,Beacon Capital,Single Asset,Construction,2024-04-06,18700000,25800000,0.7248,0.1041,532,2026-09-23,30,30,,0.1084,0.1496,1.44,2796720,A
HRE-2024-410,Silver Care Partners Senior Housing Facility - Karenchester,Lease-Up,Silver Care Partners,Single Asset,Construction,2024-03-27,12170000,16000000,0.7606,0.0986,470,2026-11-12,32,32,,0.1367,0.1797,1.82,2187200,BBB
HRE-2024-411,Beacon Capital Life Science Facility - North Richardmouth,Core,Beacon Capital,Single Asset,Acquisition,2025-01-27,5210000,11800000,0.4415,0.0735,243,2030-05-01,64,18,26.0,0.0644,0.1459,1.98,759920,AA
HRE-2024-412,Silver Care Partners Medical Office Portfolio - Bradleychester,Core,Silver Care Partners,Portfolio,Refinance,2025-07-05,42250000,79300000,0.5328,0.073,262,2032-01-30,80,18,30.0,0.0616,0.1156,1.58,4884880,A+
HRE-2024-413,Apex Healthcare Senior Housing Portfolio - Thompsonfurt,Core,Apex Healthcare,Portfolio,Refinance,2025-05-14,30770000,63610000,0.4837,0.0668,187,2031-01-13,69,20,27.0,0.0711,0.147,2.2,4522671,A+
HRE-2024-414,Midwest Health Ops Medical Office Facility - Navarroview,Value-Add,Midwest Health Ops,Single Asset,Refinance,2024-04-10,19530000,27600000,0.7076,0.0964,450,2027-11-21,44,3,25.0,0.099,0.1399,1.45,2732400,AAA
HRE-2024-415,Midwest Health Ops Senior Housing Facility - Elizabethburgh,Lease-Up,Midwest Health Ops,Single Asset,Construction,2025-06-22,11970000,16000000,0.7481,0.0979,503,2027-07-12,25,25,,0.1185,0.1584,1.62,1896000,A
HRE-2024-416,Silver Care Partners Senior Housing Facility - Cantuport,Core+,Silver Care Partners,Single Asset,Refinance,2024-07-23,6800000,10400000,0.6538,0.0826,326,2029-02-27,56,15,25.0,0.0927,0.1418,1.72,964080,AA+
HRE-2024-417,Beacon Capital Life Science Facility - New Angelica,Value-Add,Beacon Capital,Single Asset,Acquisition,2024-03-10,17690000,27400000,0.6456,0.1007,492,2027-06-23,40,4,25.0,0.0982,0.1521,1.51,2690680,A+
HRE-2024-418,Beacon Capital Life Science Portfolio - Lake Jesustown,Core,Beacon Capital,Portfolio,Acquisition,2025-11-21,22080000,48700000,0.4534,0.0714,265,2031-10-21,72,19,25.0,0.0607,0.1339,1.88,2956090,AA
HRE-2024-419,Apex Healthcare Senior Housing Facility - North Scott,Lease-Up,Apex Healthcare,Single Asset,Acquisition,2025-01-25,21870000,33200000,0.6587,0.1004,512,2027-07-14,30,30,,0.1144,0.1737,1.73,3798080,A
HRE-2024-420,Silver Care Partners Medical Office Facility - Port Anne,Lease-Up,Silver Care Partners,Single Asset,Construction,2024-06-23,7800000,10500000,0.7429,0.1039,537,2027-02-08,32,32,,0.1151,0.1549,1.49,1208550,A
HRE-2024-421,Apex Healthcare Life Science Facility - Port Molly,Lease-Up,Apex Healthcare,Single Asset,Acquisition,2024-12-27,7750000,12800000,0.6055,0.1034,537,2027-07-15,31,31,,0.1174,0.1939,1.88,1502720,AA+
HRE-2024-422,Midwest Health Ops Skilled Nursing Portfolio - South Christopherview,Value-Add,Midwest Health Ops,Portfolio,Acquisition,2025-08-10,55550000,78300000,0.7095,0.0851,387,2028-09-23,38,6,25.0,0.1009,0.1422,1.67,7900470,A+
HRE-2024-423,Silver Care Partners Senior Housing Facility - Tinaborough,Lease-Up,Silver Care Partners,Single Asset,Construction,2025-10-13,21780000,34000000,0.6406,0.0913,459,2028-03-01,29,29,,0.1312,0.2048,2.24,4460800,AA+
HRE-2024-424,Silver Care Partners Senior Housing Facility - Loriport,Core,Silver Care Partners,Single Asset,Acquisition,2025-03-30,6320000,12500000,0.5056,0.0759,287,2031-05-28,75,21,27.0,0.0807,0.1596,2.1,1008749,AA
HRE-2024-425,Beacon Capital Life Science Facility - New Michelleton,Value-Add,Beacon Capital,Single Asset,Refinance,2024-12-05,13070000,18800000,0.6952,0.0987,503,2026-11-25,24,5,25.0,0.0796,0.1145,1.16,1496480,BBB+
HRE-2024-426,Silver Care Partners Senior Housing Facility - East Gregory,Core+,Silver Care Partners,Single Asset,Refinance,2025-08-15,13450000,22100000,0.6086,0.0817,356,2028-08-29,37,14,25.0,0.074,0.1216,1.49,1635400,AA+
HRE-2024-427,Midwest Health Ops Medical Office Facility - South Joshuaville,Lease-Up,Midwest Health Ops,Single Asset,Construction,2025-01-28,8560000,11700000,0.7316,0.1105,629,2027-05-18,28,28,,0.103,0.1408,1.27,1205100,A+
HRE-2024-428,Beacon Capital Life Science Facility - West Andrewside,Value-Add,Beacon Capital,Single Asset,Refinance,2024-06-19,12340000,20900000,0.5904,0.0916,408,2026-11-06,29,3,25.0,0.0961,0.1628,1.78,2008490,A+
HRE-2024-429,Midwest Health Ops Senior Housing Facility - New Thomas,Lease-Up,Midwest Health Ops,Single Asset,Construction,2025-05-18,16060000,22700000,0.7075,0.1044,576,2027-07-07,26,26,,0.1137,0.1607,1.54,2580990,A+
HRE-2024-430,Apex Healthcare Medical Office Facility - Taylorburgh,Value-Add,Apex Healthcare,Single Asset,Refinance,2025-10-28,31990000,45700000,0.7,0.0852,394,2028-05-15,31,4,25.0,0.0962,0.1374,1.61,4396340,A+
HRE-2024-431,Silver Care Partners Skilled Nursing Facility - Cindyfort,Core+,Silver Care Partners,Single Asset,Acquisition,2024-12-25,18960000,31400000,0.6038,0.0794,301,2028-03-09,39,18,25.0,0.1061,0.1757,2.21,3331540,AA
HRE-2024-432,Midwest Health Ops Life Science Facility - South Matthew,Value-Add,Midwest Health Ops,Single Asset,Acquisition,2024-04-14,7000000,9100000,0.7692,0.0891,380,2027-01-29,34,4,25.0,0.0984,0.1279,1.44,895440,BBB
HRE-2024-433,Beacon Capital Skilled Nursing Facility - Oscarhaven,Core,Beacon Capital,Single Asset,Acquisition,2024-04-07,8670000,18300000,0.4738,0.0733,225,2030-06-05,75,20,26.0,0.092,0.1942,2.65,1683600,A+
HRE-2024-434,Apex Healthcare Skilled Nursing Facility - West Russellport,Lease-Up,Apex Healthcare,Single Asset,Construction,2024-08-11,6980000,10400000,0.6712,0.1044,547,2027-07-27,36,36,,0.1423,0.212,2.03,1479920,A
HRE-2024-435,Beacon Capital Medical Office Facility - Mooreport,Lease-Up,Beacon Capital,Single Asset,Construction,2025-02-01,18820000,28100000,0.6698,0.1063,580,2027-04-22,27,27,,0.1032,0.1541,1.45,2899920,BBB+
HRE-2024-436,Midwest Health Ops Medical Office Facility - West Nicolebury,Core,Midwest Health Ops,Single Asset,Refinance,2025-03-09,11380000,22700000,0.5013,0.0722,251,2031-12-03,82,21,27.0,0.06,0.1197,1.66,1362000,A
HRE-2024-437,Beacon Capital Senior Housing Facility - New Sarahview,Value-Add,Beacon Capital,Single Asset,Refinance,2025-02-22,6230000,9100000,0.6846,0.0918,437,2028-08-05,42,3,25.0,0.1003,0.1465,1.6,912730,BBB
HRE-2024-438,Beacon Capital Life Science Facility - South Melaniechester,Core+,Beacon Capital,Single Asset,Refinance,2025-08-04,12370000,20500000,0.6034,0.0765,294,2029-09-12,50,13,25.0,0.0785,0.1301,1.7,1609250,BB+
HRE-2024-439,Beacon Capital Senior Housing Facility - South Todd,Core+,Beacon Capital,Single Asset,Acquisition,2025-09-21,7430000,13700000,0.5423,0.0754,296,2029-12-29,52,13,25.0,0.0897,0.1654,2.19,1228890,BBB+
HRE-2024-440,Beacon Capital Skilled Nursing Portfolio - South Aaron,Value-Add,Beacon Capital,Portfolio,Acquisition,2025-09-18,38400000,59600000,0.6443,0.0831,369,2027-10-08,25,5,25.0,0.1153,0.179,2.15,6871880,AA+
HRE-2024-441,Apex Healthcare Medical Office Facility - Andreaport,Core,Apex Healthcare,Single Asset,Acquisition,2025-03-22,4130000,8200000,0.5037,0.0677,206,2030-04-25,62,19,25.0,0.0574,0.114,1.68,470680,A
HRE-2024-442,Apex Healthcare Senior Housing Portfolio - South Christineshire,Core,Apex Healthcare,Portfolio,Acquisition,2024-05-15,38820000,72990000,0.5319,0.0722,203,2029-11-15,67,21,25.0,0.0815,0.1532,2.12,5948685,AA
HRE-2024-443,Beacon Capital Medical Office Portfolio - North Kristinbury,Core,Beacon Capital,Portfolio,Acquisition,2024-06-18,30530000,67900000,0.4496,0.0755,243,2029-05-23,60,22,29.0,0.0589,0.131,1.74,3999310,AA
HRE-2024-444,Apex Healthcare Medical Office Portfolio - Hoffmanville,Core+,Apex Healthcare,Portfolio,Acquisition,2025-03-01,46380000,82910000,0.5594,0.0831,352,2028-06-13,40,15,25.0,0.0823,0.1471,1.77,6823493,AA
HRE-2024-445,Midwest Health Ops Medical Office Portfolio - East Lydiamouth,Lease-Up,Midwest Health Ops,Portfolio,Acquisition,2024-02-08,66220000,97800000,0.6771,0.1158,627,2026-12-24,35,35,,0.1215,0.1794,1.55,11882700,A
HRE-2024-446,Apex Healthcare Skilled Nursing Facility - Elizabethfurt,Lease-Up,Apex Healthcare,Single Asset,Acquisition,2024-05-07,11720000,16600000,0.706,0.1104,592,2026-09-24,29,29,,0.1693,0.2398,2.17,2810380,A
HRE-2024-447,Silver Care Partners Senior Housing Portfolio - Juliechester,Core+,Silver Care Partners,Portfolio,Refinance,2024-09-04,35870000,55600000,0.6451,0.0772,275,2028-01-17,41,16,25.0,0.0872,0.1352,1.75,4848320,A
HRE-2024-448,Silver Care Partners Medical Office Portfolio - Morganhaven,Value-Add,Silver Care Partners,Portfolio,Refinance,2024-08-30,45470000,59410000,0.7654,0.089,386,2028-02-11,42,6,25.0,0.0724,0.0946,1.06,4301284,AA+
HRE-2024-449,Beacon Capital Skilled Nursing Facility - Penafort,Core+,Beacon Capital,Single Asset,Acquisition,2025-09-18,12240000,21000000,0.5829,0.0771,305,2029-08-28,48,15,25.0,0.1043,0.1789,2.32,2190300,A
